[
  {
    "sno": "01",
    "document": "Finance Project",
    "date": "01/07/22",
    "createdDate": "2022-09-29T00:00:00",
    "projectName": "CASO",
    "fileType": "",
    "fileSize": "70KB",
    "functions": "function1",
    "project": "project1",
    "industry": "industry1",
    "designation": "designation1"
  },
  {
    "sno": "02",
    "document": "Introduction Doc",
    "date": "22/07/22",
    "createdDate": "2022-09-29T00:00:00",
    "projectName": "Strategy",
    "fileType": "",
    "fileSize": "40KB",
    "functions": "function5",
    "project": "project5",
    "industry": "industry5",
    "designation": "designation5"
  },
  {
    "sno": "03",
    "document": "Discussion Doc",
    "date": "22/07/22",
    "createdDate": "2022-09-29T00:00:00",
    "projectName": "CASO",
    "fileType": "",
    "fileSize": "30KB",
    "functions": "function2",
    "project": "project1",
    "industry": "industry1",
    "designation": "designation1"
  },
  {
    "sno": "04",
    "document": "SDD Doc",
    "date": "02/07/22",
    "createdDate": "2022-09-29T00:00:00",
    "projectName": "CASO",
    "fileType": "MS Excel",
    "fileSize": "50KB",
    "functions": "function5",
    "project": "project3",
    "industry": "industry3",
    "designation": "designation2"
  },
  {
    "sno": "05",
    "document": "Requirement Doc",
    "date": "22/07/22",
    "createdDate": "2022-09-29T00:00:00",
    "projectName": "CASO",
    "fileType": "MS Excel",
    "fileSize": "50KB",
    "functions": "function1",
    "project": "project1",
    "industry": "industry1",
    "designation": "designation1"
  },
  {
    "sno": "06",
    "document": "Requirement Doc",
    "date": "22/07/22",
    "createdDate": "2022-09-29T00:00:00",
    "projectName": "Strategy",
    "fileType": "MS Excel",
    "fileSize": "50KB",
    "functions": "function2",
    "project": "project2",
    "industry": "industry3",
    "designation": "designation4"
  },
  {
    "sno": "07",
    "document": "Requirement Doc",
    "date": "22/07/22",
    "createdDate": "2022-09-29T00:00:00",
    "projectName": "CASO",
    "fileType": "MS Excel",
    "fileSize": "60KB",
    "functions": "function2",
    "project": "project2",
    "industry": "industry3",
    "designation": "designation4"
  },
  {
    "sno": "08",
    "document": "Requirement Doc",
    "date": "22/07/22",
    "createdDate": "2022-09-29T00:00:00",
    "projectName": "CASO",
    "fileType": "MS Excel",
    "fileSize": "60KB",
    "functions": "function1",
    "project": "project3",
    "industry": "industry2",
    "designation": "designation4"
  },
  {
    "sno": "09",
    "document": "Requirement Doc",
    "date": "22/07/22",
    "createdDate": "2022-09-29T00:00:00",
    "projectName": "CASO",
    "fileType": "MS Excel",
    "fileSize": "60KB",
    "functions": "function4",
    "project": "project2",
    "industry": "industry4",
    "designation": "designation1"
  },
  {
    "sno": "10",
    "document": "Requirement Doc",
    "date": "22/07/22",
    "createdDate": "2022-09-29T00:00:00",
    "projectName": "CASO",
    "fileType": "MS Excel",
    "fileSize": "60KB",
    "functions": "function5",
    "project": "project1",
    "industry": "industry5",
    "designation": "designation5"
  }
]
