[{"industryId":1,"industryName":"Industrial Machinery and Components","status":"1"},{"industryId":2,"industryName":"Automotive","status":"1"},{"industryId":3,"industryName":"Aerospace and Defense","status":"1"},{"industryId":4,"industryName":"Banking","status":"1"},{"industryId":5,"industryName":"Chemicals","status":"1"},{"industryId":6,"industryName":"Consumer Products","status":"1"},{"industryId":7,"industryName":"Agribusiness","status":"1"},{"industryId":8,"industryName":"Defense and Security","status":"1"},{"industryId":9,"industryName":"Engineering Construction and Operations","status":"1"},{"industryId":10,"industryName":"Healthcare","status":"1"},{"industryId":11,"industryName":"High Tech","status":"1"},{"industryId":12,"industryName":"Higher Education and Research","status":"1"},{"industryId":13,"industryName":"Insurance","status":"1"},{"industryId":14,"industryName":"Life Sciences","status":"1"},{"industryId":15,"industryName":"Media","status":"1"},{"industryId":16,"industryName":"Mill Products","status":"1"},{"industryId":17,"industryName":"Building Products","status":"1"},{"industryId":18,"industryName":"Cement","status":"1"},{"industryId":19,"industryName":"Mining","status":"1"},{"industryId":20,"industryName":"Oil and Gas","status":"1"},{"industryId":21,"industryName":"Oil Field Services","status":"1"},{"industryId":22,"industryName":"Professional Services","status":"1"},{"industryId":23,"industryName":"Public Sector","status":"1"},{"industryId":24,"industryName":"Future Cities","status":"1"},{"industryId":25,"industryName":"Postal","status":"1"},{"industryId":26,"industryName":"Retail","status":"1"},{"industryId":27,"industryName":"Fashion","status":"1"},{"industryId":28,"industryName":"Telecommunications","status":"1"},{"industryId":29,"industryName":"Travel and Transportation","status":"1"},{"industryId":30,"industryName":"Cargo Transportation","status":"1"},{"industryId":31,"industryName":"Passenger Travel and Leisure","status":"1"},{"industryId":32,"industryName":"Utilities","status":"1"},{"industryId":33,"industryName":"Waste and Environmental Services","status":"1"},{"industryId":34,"industryName":"Wholesale Distribution","status":"1"}]