[
  {
    "id": 1,
    "question": "Lorem ipsum dolor sit amet, consectetur adipiscing elit. Ut est lacus, accumsan eget lacus consequat, blandit condimentum neque. Vivamus aliquet tincidunt ligula, nec suscipit justo vulputate eu. Proin ac posuere ipsum. In hac habitasse platea dictumst. Ut vitae urna non dolor accumsan molestie vel nec est. Orci varius natoque penatibus et magnis dis parturient montes, nascetur ridiculus mus. Ut vitae sagittis mauris, et elementum tortor.n. Lorem ipsum dolor sit amet, consectetur adipiscing elit. Ut est lacus, accumsan eget lacus consequat, blandit condimentum neque. Vivamus aliquet tincidunt ligula, nec suscipit justo vulputate eu. Proin ac posuere ipsum. In hac habitasse platea dictumst. Ut vitae urna non dolor accumsan molestie vel nec est. Orci varius natoque penatibus et magnis dis parturient montes, nascetur ridiculus mus. Ut vitae sagittis mauris, et elementum tortor.n.Lorem ipsum dolor sit amet, consectetur adipiscing elit. Ut est lacus, accumsan eget lacus consequat, blandit condimentum neque. Vivamus aliquet tincidunt ligula, nec suscipit justo vulputate eu. Proin ac posuere ipsum. In hac habitasse platea dictumst. Ut vitae urna non dolor accumsan molestie vel nec est. Orci varius natoque penatibus et magnis dis parturient montes, nascetur ridiculus mus. Ut vitae sagittis mauris, et elementum tortor.n. Lorem ipsum dolor sit amet, consectetur adipiscing elit. Ut est lacus, accumsan eget lacus consequat, blandit condimentum neque. Vivamus aliquet tincidunt ligula, nec suscipit justo vulputate eu. Proin ac posuere ipsum. In hac habitasse platea dictumst. Ut vitae urna non dolor accumsan molestie vel nec est. Orci varius natoque.",
    "synopsisName": "CXO Interview"
  },
  {
    "id": 2,
    "question": "Dummy textLorem ipsum dolor sit amet, consectetur adipiscing elit. Nunc vulputate libero et velit interdum, ac aliquet odio mattis. Lorem ipsum dolor sit amet, consectetur adipiscing Lorem ipsum dolor sit amet eli?",
    "synopsisName": "CXO Interview"
  },
  {
    "id": 3,
    "question": "Lorem ipsum dolor sit amet, consectetur adipiscing elit. Ut est lacus, accumsan eget lacus consequat, blandit condimentum neque. Vivamus aliquet tincidunt ligula, nec suscipit justo vulputate eu. Proin ac posuere ipsum. In hac habitasse platea dictumst. Ut vitae urna non dolor accumsan molestie vel nec est. Orci varius natoque penatibus et magnis dis parturient montes, nascetur ridiculus mus. Ut vitae sagittis mauris, et elementum tortor.n. Lorem ipsum dolor sit amet, consectetur adipiscing elit. Ut est lacus, accumsan eget lacus consequat, blandit condimentum neque. Vivamus aliquet tincidunt ligula, nec suscipit justo vulputate eu. Proin ac posuere ipsum. In hac habitasse platea dictumst. Ut vitae urna non dolor accumsan molestie vel nec est. Orci varius natoque penatibus et magnis dis parturient montes, nascetur ridiculus mus. Ut vitae sagittis mauris, et elementum tortor.n.Lorem ipsum dolor sit amet, consectetur adipiscing elit. Ut est lacus, accumsan eget lacus consequat, blandit condimentum neque. Vivamus aliquet tincidunt ligula, nec suscipit justo vulputate eu. Proin ac posuere ipsum. In hac habitasse platea dictumst. Ut vitae urna non dolor accumsan molestie vel nec est. Orci varius natoque penatibus et magnis dis parturient montes, nascetur ridiculus mus. Ut vitae sagittis mauris, et elementum tortor.n. Lorem ipsum dolor sit amet, consectetur adipiscing elit. Ut est lacus, accumsan eget lacus consequat, blandit condimentum neque. Vivamus aliquet tincidunt ligula, nec suscipit justo vulputate eu. Proin ac posuere ipsum. In hac habitasse platea dictumst. Ut vitae urna non dolor accumsan molestie vel nec est. Orci varius natoque.",
    "synopsisName": "CFO Interview"
  },
  {
    "id": 4,
    "question": "Dummy textLorem ipsum dolor sit amet, consectetur adipiscing elit. Nunc vulputate libero et velit interdum, ac aliquet odio mattis. Lorem ipsum dolor sit amet, consectetur adipiscing Lorem ipsum dolor sit amet eli?",
    "synopsisName": "CXO Interview"
  }
]
