[
  {
    "roleName": "something",
    "rows": [
      {
        "questionId": 179,
        "questionDesc": "What activities within the supply chain are outsourced and why?",
        "industryId": 0,
        "functionId": 0,
        "designationId": 0,
        "type": "textbox",
        "date": null,
        "valueRangeUpper": null,
        "valueRangeLower": null,
        "logical": null,
        "priority": 3,
        "createdBy": 46254134,
        "createdDate": "2022-10-25T10:29:06",
        "modifiedBy": null,
        "modifiedDate": null,
        "categoryId": 3,
        "roleId": 21,
        "leaderShipCategoryId": 4
      },
      {
        "questionId": 180,
        "questionDesc": "What criteria do you use when making a make-or-buy decision?",
        "industryId": 0,
        "functionId": 0,
        "designationId": 0,
        "type": "textbox",
        "date": null,
        "valueRangeUpper": null,
        "valueRangeLower": null,
        "logical": null,
        "priority": 3,
        "createdBy": 46254134,
        "createdDate": "2022-10-25T10:29:26",
        "modifiedBy": null,
        "modifiedDate": null,
        "categoryId": 3,
        "roleId": 21,
        "leaderShipCategoryId": 4
      },
      {
        "questionId": 181,
        "questionDesc": "To what extent do you involve your key customers in your sales planning?",
        "industryId": 0,
        "functionId": 0,
        "designationId": 0,
        "type": "textbox",
        "date": null,
        "valueRangeUpper": null,
        "valueRangeLower": null,
        "logical": null,
        "priority": 3,
        "createdBy": 46254134,
        "createdDate": "2022-10-25T11:33:08",
        "modifiedBy": null,
        "modifiedDate": null,
        "categoryId": 3,
        "roleId": 21,
        "leaderShipCategoryId": 4
      },
      {
        "questionId": 182,
        "questionDesc": "To what extent do you involve your key suppliers in your demand planning?",
        "industryId": 0,
        "functionId": 0,
        "designationId": 0,
        "type": "textbox",
        "date": null,
        "valueRangeUpper": null,
        "valueRangeLower": null,
        "logical": null,
        "priority": 3,
        "createdBy": 46254134,
        "createdDate": "2022-10-25T11:33:31",
        "modifiedBy": null,
        "modifiedDate": null,
        "categoryId": 3,
        "roleId": 21,
        "leaderShipCategoryId": 4
      },
      {
        "questionId": 183,
        "questionDesc": "Is production of individual items spread over several plants?  How is this planned?",
        "industryId": 0,
        "functionId": 0,
        "designationId": 0,
        "type": "textbox",
        "date": null,
        "valueRangeUpper": null,
        "valueRangeLower": null,
        "logical": null,
        "priority": 3,
        "createdBy": 46254134,
        "createdDate": "2022-10-25T11:33:53",
        "modifiedBy": null,
        "modifiedDate": null,
        "categoryId": 3,
        "roleId": 21,
        "leaderShipCategoryId": 4
      },
      {
        "questionId": 184,
        "questionDesc": "What are the major initiatives underway either in supply chain or that may impact the supply chain?",
        "industryId": 0,
        "functionId": 0,
        "designationId": 0,
        "type": "textbox",
        "date": null,
        "valueRangeUpper": null,
        "valueRangeLower": null,
        "logical": null,
        "priority": 3,
        "createdBy": 46254134,
        "createdDate": "2022-10-25T11:34:09",
        "modifiedBy": null,
        "modifiedDate": null,
        "categoryId": 3,
        "roleId": 21,
        "leaderShipCategoryId": 4
      },
      {
        "questionId": 185,
        "questionDesc": "What issues are impacting organizational productivity and overall Supply Chain costs?",
        "industryId": 0,
        "functionId": 0,
        "designationId": 0,
        "type": "textbox",
        "date": null,
        "valueRangeUpper": null,
        "valueRangeLower": null,
        "logical": null,
        "priority": 3,
        "createdBy": 46254134,
        "createdDate": "2022-10-25T11:34:35",
        "modifiedBy": null,
        "modifiedDate": null,
        "categoryId": 3,
        "roleId": 21,
        "leaderShipCategoryId": 4
      },
      {
        "questionId": 186,
        "questionDesc": "Comment on the impact forecast accuracy has on your function?",
        "industryId": 0,
        "functionId": 0,
        "designationId": 0,
        "type": "textbox",
        "date": null,
        "valueRangeUpper": null,
        "valueRangeLower": null,
        "logical": null,
        "priority": 3,
        "createdBy": 46254134,
        "createdDate": "2022-10-25T11:34:52",
        "modifiedBy": null,
        "modifiedDate": null,
        "categoryId": 3,
        "roleId": 21,
        "leaderShipCategoryId": 4
      },
      {
        "questionId": 187,
        "questionDesc": "Describe your production flexibility (lot size limitations, hours of operation, flex capacity).",
        "industryId": 0,
        "functionId": 0,
        "designationId": 0,
        "type": "textbox",
        "date": null,
        "valueRangeUpper": null,
        "valueRangeLower": null,
        "logical": null,
        "priority": 3,
        "createdBy": 46254134,
        "createdDate": "2022-10-25T11:35:06",
        "modifiedBy": null,
        "modifiedDate": null,
        "categoryId": 3,
        "roleId": 21,
        "leaderShipCategoryId": 4
      },
      {
        "questionId": 188,
        "questionDesc": "What capacity constraints and future expansion strategies exist?",
        "industryId": 0,
        "functionId": 0,
        "designationId": 0,
        "type": "textbox",
        "date": null,
        "valueRangeUpper": null,
        "valueRangeLower": null,
        "logical": null,
        "priority": 3,
        "createdBy": 46254134,
        "createdDate": "2022-10-25T11:36:23",
        "modifiedBy": null,
        "modifiedDate": null,
        "categoryId": 3,
        "roleId": 21,
        "leaderShipCategoryId": 4
      },
      {
        "questionId": 189,
        "questionDesc": "Is verification of capacity and component availability done in your planning process?",
        "industryId": 0,
        "functionId": 0,
        "designationId": 0,
        "type": "textbox",
        "date": null,
        "valueRangeUpper": null,
        "valueRangeLower": null,
        "logical": null,
        "priority": 3,
        "createdBy": 46254134,
        "createdDate": "2022-10-25T11:36:45",
        "modifiedBy": null,
        "modifiedDate": null,
        "categoryId": 3,
        "roleId": 21,
        "leaderShipCategoryId": 4
      }
    ]
  },
  {
    "roleName": "something1",
    "rows": [
      {
        "questionId": 190,
        "questionDesc": "What are your transportation lanes & modes and how are they determined?",
        "industryId": 0,
        "functionId": 0,
        "designationId": 0,
        "type": "textbox",
        "date": null,
        "valueRangeUpper": null,
        "valueRangeLower": null,
        "logical": null,
        "priority": 3,
        "createdBy": 46254134,
        "createdDate": "2022-10-25T11:37:37",
        "modifiedBy": null,
        "modifiedDate": null,
        "categoryId": 3,
        "roleId": 22,
        "leaderShipCategoryId": 4
      },
      {
        "questionId": 191,
        "questionDesc": "How is trailer load planning done?",
        "industryId": 0,
        "functionId": 0,
        "designationId": 0,
        "type": "textbox",
        "date": null,
        "valueRangeUpper": null,
        "valueRangeLower": null,
        "logical": null,
        "priority": 3,
        "createdBy": 46254134,
        "createdDate": "2022-10-25T11:37:51",
        "modifiedBy": null,
        "modifiedDate": null,
        "categoryId": 3,
        "roleId": 22,
        "leaderShipCategoryId": 4
      },
      {
        "questionId": 192,
        "questionDesc": "Network description and description of current transportation planning and scheduling process.",
        "industryId": 0,
        "functionId": 0,
        "designationId": 0,
        "type": "textbox",
        "date": null,
        "valueRangeUpper": null,
        "valueRangeLower": null,
        "logical": null,
        "priority": 3,
        "createdBy": 46254134,
        "createdDate": "2022-10-25T11:38:06",
        "modifiedBy": null,
        "modifiedDate": null,
        "categoryId": 3,
        "roleId": 22,
        "leaderShipCategoryId": 4
      },
      {
        "questionId": 193,
        "questionDesc": "Do you cross-dock, milk run or consolidate with multiple suppliers or other businesses",
        "industryId": 0,
        "functionId": 0,
        "designationId": 0,
        "type": "textbox",
        "date": null,
        "valueRangeUpper": null,
        "valueRangeLower": null,
        "logical": null,
        "priority": 3,
        "createdBy": 46254134,
        "createdDate": "2022-10-25T11:38:53",
        "modifiedBy": null,
        "modifiedDate": null,
        "categoryId": 3,
        "roleId": 22,
        "leaderShipCategoryId": 4
      },
      {
        "questionId": 194,
        "questionDesc": "What expediting and/or premium transportation costs/issues do you have?",
        "industryId": 0,
        "functionId": 0,
        "designationId": 0,
        "type": "textbox",
        "date": null,
        "valueRangeUpper": null,
        "valueRangeLower": null,
        "logical": null,
        "priority": 3,
        "createdBy": 46254134,
        "createdDate": "2022-10-25T11:39:10",
        "modifiedBy": null,
        "modifiedDate": null,
        "categoryId": 3,
        "roleId": 22,
        "leaderShipCategoryId": 4
      },
      {
        "questionId": 195,
        "questionDesc": "Describe any use of 3PL operations.",
        "industryId": 0,
        "functionId": 0,
        "designationId": 0,
        "type": "textbox",
        "date": null,
        "valueRangeUpper": null,
        "valueRangeLower": null,
        "logical": null,
        "priority": 3,
        "createdBy": 46254134,
        "createdDate": "2022-10-25T11:39:31",
        "modifiedBy": null,
        "modifiedDate": null,
        "categoryId": 3,
        "roleId": 22,
        "leaderShipCategoryId": 4
      },
      {
        "questionId": 196,
        "questionDesc": "Describe your carrier selection criteria and who negotiates rates.",
        "industryId": 0,
        "functionId": 0,
        "designationId": 0,
        "type": "textbox",
        "date": null,
        "valueRangeUpper": null,
        "valueRangeLower": null,
        "logical": null,
        "priority": 3,
        "createdBy": 46254134,
        "createdDate": "2022-10-25T11:40:12",
        "modifiedBy": null,
        "modifiedDate": null,
        "categoryId": 3,
        "roleId": 22,
        "leaderShipCategoryId": 4
      },
      {
        "questionId": 197,
        "questionDesc": "Describe your carrier performance measurements and how managed.",
        "industryId": 0,
        "functionId": 0,
        "designationId": 0,
        "type": "textbox",
        "date": null,
        "valueRangeUpper": null,
        "valueRangeLower": null,
        "logical": null,
        "priority": 3,
        "createdBy": 46254134,
        "createdDate": "2022-10-25T11:40:31",
        "modifiedBy": null,
        "modifiedDate": null,
        "categoryId": 3,
        "roleId": 22,
        "leaderShipCategoryId": 4
      },
      {
        "questionId": 198,
        "questionDesc": "What are your delivery objectives, performance and how are they measured?",
        "industryId": 0,
        "functionId": 0,
        "designationId": 0,
        "type": "textbox",
        "date": null,
        "valueRangeUpper": null,
        "valueRangeLower": null,
        "logical": null,
        "priority": 3,
        "createdBy": 46254134,
        "createdDate": "2022-10-25T11:40:45",
        "modifiedBy": null,
        "modifiedDate": null,
        "categoryId": 3,
        "roleId": 22,
        "leaderShipCategoryId": 4
      },
      {
        "questionId": 199,
        "questionDesc": "Do you have your own transportation planning system? What do you use and how?",
        "industryId": 0,
        "functionId": 0,
        "designationId": 0,
        "type": "textbox",
        "date": null,
        "valueRangeUpper": null,
        "valueRangeLower": null,
        "logical": null,
        "priority": 3,
        "createdBy": 46254134,
        "createdDate": "2022-10-25T11:40:59",
        "modifiedBy": null,
        "modifiedDate": null,
        "categoryId": 3,
        "roleId": 22,
        "leaderShipCategoryId": 4
      },
      {
        "questionId": 200,
        "questionDesc": "What are your transportation costs $ and percent to sales?",
        "industryId": 0,
        "functionId": 0,
        "designationId": 0,
        "type": "textbox",
        "date": null,
        "valueRangeUpper": null,
        "valueRangeLower": null,
        "logical": null,
        "priority": 3,
        "createdBy": 46254134,
        "createdDate": "2022-10-25T11:41:15",
        "modifiedBy": null,
        "modifiedDate": null,
        "categoryId": 3,
        "roleId": 22,
        "leaderShipCategoryId": 4
      },
      {
        "questionId": 201,
        "questionDesc": "How do you optimize transportation?",
        "industryId": 0,
        "functionId": 0,
        "designationId": 0,
        "type": "textbox",
        "date": null,
        "valueRangeUpper": null,
        "valueRangeLower": null,
        "logical": null,
        "priority": 3,
        "createdBy": 46254134,
        "createdDate": "2022-10-25T11:41:32",
        "modifiedBy": null,
        "modifiedDate": null,
        "categoryId": 3,
        "roleId": 22,
        "leaderShipCategoryId": 4
      }
    ]
  }
]
