[
    {
         "index":0,
       "BusinessType": "Hotel",
       "PrimaryArea": "Restrooms",
       "BusinessSize": "Small",
       "ProductRecomendation": "Safeguard Antibacterial Liquid Hand Soap",
        "Size": "1 gal Bulk Refill",
        "Description": "A moisturizing lotion hand soap for antibacterial hygiene."
    },
    {
        "index":1 ,  
       "BusinessType": "Motel",
       "PrimaryArea": "Restrooms",
       "BusinessSize": "Small",
       "ProductRecomendation": "Safeguard Antibacterial Liquid Hand Soap",
        "Size": "1 gal Bulk Refill",
        "Description": "A moisturizing lotion hand soap for antibacterial hygiene."
    },
    {
         "index":2,
        "BusinessType": "Guest House",
       "PrimaryArea": "Restrooms",
       "BusinessSize": "Small",
       "ProductRecomendation": "Safeguard Antibacterial Liquid Hand Soap",
        "Size": "1 gal Bulk Refill",
        "Description": "A moisturizing lotion hand soap for antibacterial hygiene."
    },
    {
         "index":3 ,
        "BusinessType": "Bar",
       "PrimaryArea": "Front of House",
       "BusinessSize": "Medium",
       "ProductRecomendation": "Spic & Span 3-n-1",
        "Size": "1 gal RTU",
        "Description": "Clean and disinfect tables and hard surfaces"
    },
    {
          "index":4,
         "BusinessType": "Full-service Restaurant",
       "PrimaryArea": "Front of House",
       "BusinessSize": "Medium",
       "ProductRecomendation": "Spic & Span 3-n-1",
        "Size": "1 gal RTU",
        "Description": "Clean and disinfect tables and hard surfaces"
    },
    {
          "index":5, 
       "BusinessType": "Hair/Beauty Salon",
       "PrimaryArea": "Front of House",
       "BusinessSize": "Medium",
       "ProductRecomendation": "Spic & Span 3-n-1",
        "Size": "1 gal RTU",
        "Description": "Clean and disinfect counter tops and hard surfaces"
    },
    { 
        "index":6, 
        "BusinessType": "Other",
       "PrimaryArea": "Front of House",
       "BusinessSize": "Medium",
       "ProductRecomendation": "Spic & Span 3-n-1",
        "Size": "1 gal RTU",
        "Description": "Clean and disinfect tables, countertops and other hard surfaces"
    },
    { 
        "index":7, 
       "BusinessType": "Quick-serve Restaurant",
       "PrimaryArea": "Front of House",
       "BusinessSize": "Medium",
       "ProductRecomendation": "Spic & Span 3-n-1",
        "Size": "1 gal RTU",
        "Description": "Clean and disinfect tables and hard surfaces"
    },
    {
        "index":8,
       "BusinessType": "Shop",
       "PrimaryArea": "Front of House",
       "BusinessSize": "Medium",
       "ProductRecomendation": "Spic & Span 3-n-1",
        "Size": "1 gal RTU",
        "Description": "Clean and disinfect counter tops and hard surfaces"
    },
    {
        "index":9,
       "BusinessType": "Bar",
       "PrimaryArea": "Restrooms",
       "BusinessSize": "Medium",
       "ProductRecomendation": "Safeguard Hand Sanitizer Gel (hand pump)",
        "Size": "18 oz.",
        "Description": "Hand hygiene"
    },
    {
        "index":10,
       "BusinessType": "Contract Cleaning",
       "PrimaryArea": "Restrooms",
       "BusinessSize": "Medium",
       "ProductRecomendation": "Safeguard Hand Sanitizer Gel (hand pump)",
        "Size": "18 oz.",
        "Description": "Hand hygiene"
    },
    {
        "index":11,
       "BusinessType": "Full-service Restaurant",
       "PrimaryArea": "Restrooms",
       "BusinessSize": "Medium",
       "ProductRecomendation": "Safeguard Hand Sanitizer Gel (hand pump)",
        "Size": "18 oz.",
        "Description": "Hand hygiene"
    },
    {
        "index":12,
       "BusinessType": "Hair/Beauty Salon",
       "PrimaryArea": "Restrooms",
       "BusinessSize": "Medium",
       "ProductRecomendation": "Safeguard Hand Sanitizer Gel (hand pump)",
        "Size": "18 oz.",
        "Description": "Hand hygiene"
    },
    {
        "index":13,
       "BusinessType": "Office",
       "PrimaryArea": "Restrooms",
       "BusinessSize": "Medium",
       "ProductRecomendation": "Safeguard Hand Sanitizer Gel (hand pump)",
        "Size": "18 oz.",
        "Description": "Hand hygiene"
    },
    {
        "index":14,
       "BusinessType": "Other",
       "PrimaryArea": "Restrooms",
       "BusinessSize": "Medium",
       "ProductRecomendation": "Safeguard Hand Sanitizer Gel (hand pump)",
        "Size": "18 oz.",
        "Description": "Hand hygiene"
    },
    {
        "index":15,
       "BusinessType": "Quick-serve Restaurant",
       "PrimaryArea": "Restrooms",
       "BusinessSize": "Medium",
       "ProductRecomendation": "Safeguard Hand Sanitizer Gel (hand pump)",
        "Size": "18 oz.",
        "Description": "Hand hygiene"
    },
    {
        "index":16,
       "BusinessType": "Shop",
       "PrimaryArea": "Restrooms",
       "BusinessSize": "Medium",
       "ProductRecomendation": "Safeguard Hand Sanitizer Gel (hand pump)",
        "Size": "18 oz.",
        "Description": "Hand hygiene"
    },
    {
        "index":17,
       "BusinessType": "Bar",
       "PrimaryArea": "Restrooms",
       "BusinessSize": "Small",
       "ProductRecomendation": "Safeguard Hand Sanitizer Gel (hand pump)",
        "Size": "18 oz.",
        "Description": "Hand hygiene"
    },
    {
        "index":18,
       "BusinessType": "Contract Cleaning",
       "PrimaryArea": "Restrooms",
       "BusinessSize": "Small",
       "ProductRecomendation": "Safeguard Hand Sanitizer Gel (hand pump)",
        "Size": "18 oz.",
        "Description": "Hand hygiene"
    },
    {
        "index":19,
       "BusinessType": "Full-service Restaurant",
       "PrimaryArea": "Restrooms",
       "BusinessSize": "Small",
       "ProductRecomendation": "Safeguard Hand Sanitizer Gel (hand pump)",
        "Size": "18 oz.",
        "Description": "Hand hygiene"
    },
    {
        "index":20,
       "BusinessType": "Hair/Beauty Salon",
       "PrimaryArea": "Restrooms",
       "BusinessSize": "Small",
       "ProductRecomendation": "Safeguard Hand Sanitizer Gel (hand pump)",
        "Size": "18 oz.",
        "Description": "Hand hygiene"
    },
    {
        "index":21,
       "BusinessType": "Office",
       "PrimaryArea": "Restrooms",
       "BusinessSize": "Small",
       "ProductRecomendation": "Safeguard Hand Sanitizer Gel (hand pump)",
        "Size": "18 oz.",
        "Description": "Hand hygiene"
    },
    {
        "index":22,
       "BusinessType": "Other",
       "PrimaryArea": "Restrooms",
       "BusinessSize": "Small",
       "ProductRecomendation": "Safeguard Hand Sanitizer Gel (hand pump)",
        "Size": "18 oz.",
        "Description": "Hand hygiene"
    },
    {
        "index":23,
       "BusinessType": "Quick-serve Restaurant",
       "PrimaryArea": "Restrooms",
       "BusinessSize": "Small",
       "ProductRecomendation": "Safeguard Hand Sanitizer Gel (hand pump)",
        "Size": "18 oz.",
        "Description": "Hand hygiene"
    },
    {
        "index":24,
       "BusinessType": "Shop",
       "PrimaryArea": "Restrooms",
       "BusinessSize": "Small",
       "ProductRecomendation": "Safeguard Hand Sanitizer Gel (hand pump)",
        "Size": "18 oz.",
        "Description": "Hand hygiene"
    },
    {
        "index":25,
       "BusinessType": "Cafe",
       "PrimaryArea": "Restrooms",
       "BusinessSize": "Small",
       "ProductRecomendation": "Safeguard Hand Sanitizer Gel (hand pump)",
        "Size": "18 oz.",
        "Description": "Hand hygiene"
    },
    {
        "index":26,
       "BusinessType": "Hotel",
       "PrimaryArea": "Public Areas",
       "BusinessSize": "Small",
       "ProductRecomendation": "Safeguard Hand Sanitizer Gel (hand pump)",
        "Size": "18 oz.",
        "Description": "Convenient hand sanitization to be distributed throughout the establishment."
    },
    {
        "index":27,
       "BusinessType": "Motel",
       "PrimaryArea": "Public Areas",
       "BusinessSize": "Small",
       "ProductRecomendation": "Safeguard Hand Sanitizer Gel (hand pump)",
        "Size": "18 oz.",
        "Description": "Convenient hand sanitization to be distributed throughout the establishment."
    },
    {
        "index":28,
       "BusinessType": "Guest House",
       "PrimaryArea": "Public Areas",
       "BusinessSize": "Small",
       "ProductRecomendation": "Safeguard Hand Sanitizer Gel (hand pump)",
        "Size": "18 oz.",
        "Description": "Convenient hand sanitization to be distributed throughout the establishment."
    },
    {
        "index":29,
       "BusinessType": "Contract Cleaning",
       "PrimaryArea": "Public Spaces",
       "BusinessSize": "Small",
       "ProductRecomendation": "Spic & Span 3-n-1",
        "Size": "32 oz. RTU - Spray",
        "Description": "Clean and disinfect tables and hard surfaces"
    },
    {
        "index":30,
       "BusinessType": "Hair/Beauty Salon",
       "PrimaryArea": "Front of House",
       "BusinessSize": "Small",
       "ProductRecomendation": "Spic & Span 3-n-1",
        "Size": "32 oz. RTU - Spray",
        "Description": "Clean and disinfect counter tops and hard surfaces"
    },
    {
        "index":31,
       "BusinessType": "Office",
       "PrimaryArea": "Public Spaces",
       "BusinessSize": "Small",
       "ProductRecomendation": "Spic & Span 3-n-1",
        "Size": "32 oz. RTU - Spray",
        "Description": "Clean and disinfect tables and hard surfaces"
    },
    {
        "index":32,
       "BusinessType": "Other",
       "PrimaryArea": "Front of House",
       "BusinessSize": "Small",
       "ProductRecomendation": "Spic & Span 3-n-1",
        "Size": "32 oz. RTU - Spray",
        "Description": "Clean and disinfect tables, countertops and other hard surfaces"
    },
    {
        "index":33,
       "BusinessType": "Shop",
       "PrimaryArea": "Front of House",
       "BusinessSize": "Small",
       "ProductRecomendation": "Spic & Span 3-n-1",
        "Size": "32 oz. RTU - Spray",
        "Description": "Clean and disinfect counter tops and hard surfaces"
    },
    {
        "index":34,
       "BusinessType": "Hotel",
       "PrimaryArea": "Guest Rooms",
       "BusinessSize": "Small",
       "ProductRecomendation": "Febreze Professional Deep Penetrating Fabric Refresher",
        "Size": "32 oz. RTU Spray",
        "Description": "For elimination of odours from soft furnishing such as upholstered furniture, carpet, curtains, lamp shades and duvets"
    },
    {
        "index":35,
       "BusinessType": "Hotel",
       "PrimaryArea": "Public Areas",
       "BusinessSize": "Small",
       "ProductRecomendation": "Febreze Professional Deep Penetrating Fabric Refresher",
        "Size": "32 oz. RTU Spray",
        "Description": "For elimination of odours from soft furnishing such as upholstered furniture, carpet, curtains, lamp shades and duvets"
    },
    {
        "index":36,
       "BusinessType": "Motel",
       "PrimaryArea": "Guest Rooms",
       "BusinessSize": "Small",
       "ProductRecomendation": "Febreze Professional Deep Penetrating Fabric Refresher",
        "Size": "32 oz. RTU Spray",
        "Description": "For elimination of odours from soft furnishing such as upholstered furniture, carpet, curtains, lamp shades and duvets"
    },
    {
        "index":37,
       "BusinessType": "Motel",
       "PrimaryArea": "Public Areas",
       "BusinessSize": "Small",
       "ProductRecomendation": "Febreze Professional Deep Penetrating Fabric Refresher",
        "Size": "32 oz. RTU Spray",
        "Description": "For elimination of odours from soft furnishing such as upholstered furniture, carpet, curtains, lamp shades and duvets"
    },
    {
        "index":38,
       "BusinessType": "Guest House",
       "PrimaryArea": "Guest Rooms",
       "BusinessSize": "Small",
       "ProductRecomendation": "Febreze Professional Deep Penetrating Fabric Refresher",
        "Size": "32 oz. RTU Spray",
        "Description": "For elimination of odours from soft furnishing such as upholstered furniture, carpet, curtains, lamp shades and duvets"
    },
    {
        "index":39,
       "BusinessType": "Guest House",
       "PrimaryArea": "Public Areas",
       "BusinessSize": "Small",
       "ProductRecomendation": "Febreze Professional Deep Penetrating Fabric Refresher",
        "Size": "32 oz. RTU Spray",
        "Description": "For elimination of odours from soft furnishing such as upholstered furniture, carpet, curtains, lamp shades and duvets"
    },
    {
        "index":40,
       "BusinessType": "Bar",
       "PrimaryArea": "Front of House",
       "BusinessSize": "Small",
       "ProductRecomendation": "Spic & Span 3-n-1",
        "Size": "32 oz. RTU Spray",
        "Description": "Clean and disinfect tables and hard surfaces"
    },
    {
        "index":41,
       "BusinessType": "Cafe",
       "PrimaryArea": "Front of House",
       "BusinessSize": "Small",
       "ProductRecomendation": "Spic & Span 3-n-1",
        "Size": "32 oz. RTU Spray",
        "Description": "Clean and disinfect tables and hard surfaces"
    },
    {
        "index":42,
       "BusinessType": "Full-service Restaurant",
       "PrimaryArea": "Front of House",
       "BusinessSize": "Small",
       "ProductRecomendation": "Spic & Span 3-n-1",
        "Size": "32 oz. RTU Spray",
        "Description": "Clean and disinfect tables and hard surfaces"
    },
    {
        "index":43,
       "BusinessType": "Hotel",
       "PrimaryArea": "Guest Room Kitchenette",
       "BusinessSize": "Small",
       "ProductRecomendation": "Spic & Span 3-n-1",
        "Size": "32 oz. RTU Spray",
        "Description": "Effective cleaning of interior and exterior surfaces of microwave, refridgerator, stove."
    },
    {
        "index":44,
       "BusinessType": "Hotel",
       "PrimaryArea": "Guest Rooms",
       "BusinessSize": "Small",
       "ProductRecomendation": "Spic & Span 3-n-1",
        "Size": "32 oz. RTU Spray",
        "Description": "For cleaning and disinfection of all hard surfaces, including desks, mirrors, glass and high-touch surfaces such as phones and remotes.  Can also be used on kitchenette appliances such as microwave, refridgerator and stove top."
    },
    {
        "index":45,
       "BusinessType": "Hotel",
       "PrimaryArea": "Public Areas",
       "BusinessSize": "Small",
       "ProductRecomendation": "Spic & Span 3-n-1",
        "Size": "32 oz. RTU Spray",
        "Description": "For cleaning and disinfection of all hard surfaces, including desks, mirrors, glass and high-touch surfaces such as phones and remotes.  Can also be used on kitchenette appliances such as microwave, refridgerator and stove top."
    },
    {
        "index":46,
       "BusinessType": "Hotel",
       "PrimaryArea": "Restrooms",
       "BusinessSize": "Small",
       "ProductRecomendation": "Spic & Span 3-n-1",
        "Size": "32 oz. RTU Spray",
        "Description": "For mirrors, walls, stall dividers, fixtures, stainless steel and chrome."
    },
    {
        "index":47,
       "BusinessType": "Quick-serve Restaurant",
       "PrimaryArea": "Front of House",
       "BusinessSize": "Small",
       "ProductRecomendation": "Spic & Span 3-n-1",
        "Size": "32 oz. RTU Spray",
        "Description": "Clean and disinfect tables and hard surfaces"
    },
    {
        "index":48,
       "BusinessType": "Motel",
       "PrimaryArea": "Guest Room Kitchenette",
       "BusinessSize": "Small",
       "ProductRecomendation": "Spic & Span 3-n-1",
        "Size": "32 oz. RTU Spray",
        "Description": "Effective cleaning of interior and exterior surfaces of microwave, refridgerator, stove."
    },
    {
        "index":49,
       "BusinessType": "Motel",
       "PrimaryArea": "Guest Rooms",
       "BusinessSize": "Small",
       "ProductRecomendation": "Spic & Span 3-n-1",
        "Size": "32 oz. RTU Spray",
        "Description": "For cleaning and disinfection of all hard surfaces, including desks, mirrors, glass and high-touch surfaces such as phones and remotes.  Can also be used on kitchenette appliances such as microwave, refridgerator and stove top."
    },
    {
        "index":50,
       "BusinessType": "Motel",
       "PrimaryArea": "Public Areas",
       "BusinessSize": "Small",
       "ProductRecomendation": "Spic & Span 3-n-1",
        "Size": "32 oz. RTU Spray",
        "Description": "For cleaning and disinfection of all hard surfaces, including desks, mirrors, glass and high-touch surfaces such as phones and remotes.  Can also be used on kitchenette appliances such as microwave, refridgerator and stove top."
    },
    {
        "index":51,
       "BusinessType": "Motel",
       "PrimaryArea": "Restrooms",
       "BusinessSize": "Small",
       "ProductRecomendation": "Spic & Span 3-n-1",
        "Size": "32 oz. RTU Spray",
        "Description": "For mirrors, walls, stall dividers, fixtures, stainless steel and chrome."
    },
    {
        "index":52,
       "BusinessType": "Guest House",
       "PrimaryArea": "Guest Rooms",
       "BusinessSize": "Small",
       "ProductRecomendation": "Spic & Span 3-n-1",
        "Size": "32 oz. RTU Spray",
        "Description": "For cleaning and disinfection of all hard surfaces, including desks, mirrors, glass and high-touch surfaces such as phones and remotes.  Can also be used on kitchenette appliances such as microwave, refridgerator and stove top."
    },
    {
        "index":53,
       "BusinessType": "Guest House",
       "PrimaryArea": "Public Areas",
       "BusinessSize": "Small",
       "ProductRecomendation": "Spic & Span 3-n-1",
        "Size": "32 oz. RTU Spray",
        "Description": "For cleaning and disinfection of all hard surfaces, including desks, mirrors, glass and high-touch surfaces such as phones and remotes.  Can also be used on kitchenette appliances such as microwave, refridgerator and stove top."
    },
    {
        "index":54,
       "BusinessType": "Guest House",
       "PrimaryArea": "Restrooms",
       "BusinessSize": "Small",
       "ProductRecomendation": "Spic & Span 3-n-1",
        "Size": "32 oz. RTU Spray",
        "Description": "For mirrors, walls, stall dividers, fixtures, stainless steel and chrome."
    },
    {
        "index":55,
       "BusinessType": "Contract Cleaning",
       "PrimaryArea": "Restrooms",
       "BusinessSize": "Small",
       "ProductRecomendation": "Comet Disinfecting Cleaner with Bleach",
        "Size": "32 oz. RTU Spray",
        "Description": "Clean and disinfect restrooms"
    },
    {
        "index":56,
       "BusinessType": "Full-service Restaurant",
       "PrimaryArea": "Restrooms",
       "BusinessSize": "Small",
       "ProductRecomendation": "Comet Disinfecting Cleaner with Bleach",
        "Size": "32 oz. RTU Spray",
        "Description": "Cleaning and disinfecting of surfaces, particularly in Bathroom.  Also great for stain removal."
    },
    {
        "index":57,
       "BusinessType": "Hair/Beauty Salon",
       "PrimaryArea": "Restrooms",
       "BusinessSize": "Small",
       "ProductRecomendation": "Comet Disinfecting Cleaner with Bleach",
        "Size": "32 oz. RTU Spray",
        "Description": "Clean and disinfect restrooms"
    },
    {
        "index":58,
       "BusinessType": "Office",
       "PrimaryArea": "Restrooms",
       "BusinessSize": "Small",
       "ProductRecomendation": "Comet Disinfecting Cleaner with Bleach",
        "Size": "32 oz. RTU Spray",
        "Description": "Clean and disinfect restrooms"
    },
    {
        "index":59,
       "BusinessType": "Other",
       "PrimaryArea": "Restrooms",
       "BusinessSize": "Small",
       "ProductRecomendation": "Comet Disinfecting Cleaner with Bleach",
        "Size": "32 oz. RTU Spray",
        "Description": "Cleaning and disinfecting of surfaces, particularly in Bathroom.  Also great for stain removal."
    },
    {
        "index":60,
       "BusinessType": "Quick-serve Restaurant",
       "PrimaryArea": "Restrooms",
       "BusinessSize": "Small",
       "ProductRecomendation": "Comet Disinfecting Cleaner with Bleach",
        "Size": "32 oz. RTU Spray",
        "Description": "Cleaning and disinfecting of surfaces, particularly in Bathroom.  Also great for stain removal."
    },
    {
        "index":61,
       "BusinessType": "Shop",
       "PrimaryArea": "Restrooms",
       "BusinessSize": "Small",
       "ProductRecomendation": "Comet Disinfecting Cleaner with Bleach",
        "Size": "32 oz. RTU Spray",
        "Description": "Clean and disinfect restrooms"
    },
    {
        "index":63,
       "BusinessType": "Bar",
       "PrimaryArea": "Restrooms",
       "BusinessSize": "Small",
       "ProductRecomendation": "Comet Disinfecting Cleaner with Bleach",
        "Size": "32 oz. RTU Spray",
        "Description": "Cleaning and disinfecting of surfaces, particularly in Bathroom.  Also great for stain removal."
    },
    {
        "index":64,
       "BusinessType": "Cafe",
       "PrimaryArea": "Restrooms",
       "BusinessSize": "Small",
       "ProductRecomendation": "Comet Disinfecting Cleaner with Bleach",
        "Size": "32 oz. RTU Spray",
        "Description": "Cleaning and disinfecting of surfaces, particularly in Bathroom.  Also great for stain removal."
    },
    {
        "index":65,
       "BusinessType": "Hotel",
       "PrimaryArea": "Restrooms",
       "BusinessSize": "Small",
       "ProductRecomendation": "Comet Disinfecting-Sanitizing Bathroom Cleaner ",
        "Size": "32 oz. RTU Spray",
        "Description": "For cleaning of tubs, showers, sinks, urinals and toilets."
    },
    {
        "index":66,
       "BusinessType": "Motel",
       "PrimaryArea": "Restrooms",
       "BusinessSize": "Small",
       "ProductRecomendation": "Comet Disinfecting-Sanitizing Bathroom Cleaner ",
        "Size": "32 oz. RTU Spray",
        "Description": "For cleaning of tubs, showers, sinks, urinals and toilets."
    },
    {
        "index":67,
       "BusinessType": "Guest House",
       "PrimaryArea": "Restrooms",
       "BusinessSize": "Small",
       "ProductRecomendation": "Comet Disinfecting-Sanitizing Bathroom Cleaner ",
        "Size": "32 oz. RTU Spray",
        "Description": "For cleaning of tubs, showers, sinks, urinals and toilets."
    },
    {
        "index":68,
       "BusinessType": "Full-service Restaurant",
       "PrimaryArea": "Kitchen",
       "BusinessSize": "Small",
       "ProductRecomendation": "Dawn Manual Pot & Pan",
        "Size": "38 oz.",
        "Description": "Manual dishwashing in 3-comp sinks"
    },
    {
        "index":69,
       "BusinessType": "Hotel",
       "PrimaryArea": "Kitchen",
       "BusinessSize": "Small",
       "ProductRecomendation": "Dawn Manual Pot & Pan",
        "Size": "38 oz.",
        "Description": "Manual dishwashing in 3-comp sinks"
    },
    {
        "index":70,
       "BusinessType": "Quick-serve Restaurant",
       "PrimaryArea": "Kitchen",
       "BusinessSize": "Small",
       "ProductRecomendation": "Dawn Manual Pot & Pan",
        "Size": "38 oz.",
        "Description": "Manual dishwashing in 3-comp sinks"
    },
    {
        "index":71,
       "BusinessType": "Guest House",
       "PrimaryArea": "Kitchen",
       "BusinessSize": "Small",
       "ProductRecomendation": "Dawn Manual Pot & Pan",
        "Size": "38 oz.",
        "Description": "Manual dishwashing in 3-comp sinks"
    },
    {
        "index":72,
       "BusinessType": "Bar",
       "PrimaryArea": "Kitchen",
       "BusinessSize": "Small",
       "ProductRecomendation": "Dawn Manual Pot & Pan",
        "Size": "38 oz.",
        "Description": "Manual dishwashing in 3-comp sinks"
    },
    {
        "index":73,
       "BusinessType": "Cafe",
       "PrimaryArea": "Kitchen",
       "BusinessSize": "Small",
       "ProductRecomendation": "Dawn Manual Pot & Pan",
        "Size": "38 oz.",
        "Description": "Manual dishwashing in 3-comp sinks"
    },
    {
        "index":74,
       "BusinessType": "Hotel",
       "PrimaryArea": "Outdoor Areas",
       "BusinessSize": "Small",
       "ProductRecomendation": "Dawn Manual Pot & Pan",
        "Size": "38 oz.",
        "Description": "Simple, cost-effective cleaning for large spaces"
    },
    {
        "index":75,
       "BusinessType": "Motel",
       "PrimaryArea": "Outdoor Areas",
       "BusinessSize": "Small",
       "ProductRecomendation": "Dawn Manual Pot & Pan",
        "Size": "38 oz.",
        "Description": "Simple, cost-effective cleaning for large spaces"
    },
    {
        "index":76,
       "BusinessType": "Guest House",
       "PrimaryArea": "Outdoor Areas",
       "BusinessSize": "Small",
       "ProductRecomendation": "Dawn Manual Pot & Pan",
        "Size": "38 oz.",
        "Description": "Simple, cost-effective cleaning for large spaces"
    },
    {
        "index":77,
       "BusinessType": "Full-service Restaurant",
       "PrimaryArea": "Kitchen",
       "BusinessSize": "Small",
       "ProductRecomendation": "Clean Quick Broad Range Sanitizer (restaurant)",
        "Size": "Concentrate - 1gal",
        "Description": "3-comp sink sanitizing and sanitizing of food-preparation surfaces"
    },
    {
        "index":78,
       "BusinessType": "Hotel",
       "PrimaryArea": "Kitchen",
       "BusinessSize": "Small",
       "ProductRecomendation": "Clean Quick Broad Range Sanitizer (restaurant)",
        "Size": "Concentrate - 1gal",
        "Description": "3-comp sink sanitizing and sanitizing of food-preparation surfaces",
        "Column1": "< Mary to check sizing- DONE 11/30/20"
    },
    {
        "index":79,
       "BusinessType": "Quick-serve Restaurant",
       "PrimaryArea": "Kitchen",
       "BusinessSize": "Small",
       "ProductRecomendation": "Clean Quick Broad Range Sanitizer (restaurant)",
        "Size": "Concentrate - 1gal",
        "Description": "3-comp sink sanitizing and sanitizing of food-preparation surfaces"
    },
    {
        "index":80,
       "BusinessType": "Guest House",
       "PrimaryArea": "Kitchen",
       "BusinessSize": "Small",
       "ProductRecomendation": "Clean Quick Broad Range Sanitizer (restaurant)",
        "Size": "Concentrate - 1gal",
        "Description": "3-comp sink sanitizing and sanitizing of food-preparation surfaces"
    },
    {
        "index":81,
       "BusinessType": "Bar",
       "PrimaryArea": "Kitchen",
       "BusinessSize": "Small",
       "ProductRecomendation": "Clean Quick Broad Range Sanitizer (restaurant)",
        "Size": "Concentrate - 1gal",
        "Description": "3-comp sink sanitizing and sanitizing of food-preparation surfaces"
    },
    {
        "index":82,
       "BusinessType": "Cafe",
       "PrimaryArea": "Kitchen",
       "BusinessSize": "Small",
       "ProductRecomendation": "Clean Quick Broad Range Sanitizer (restaurant)",
        "Size": "Concentrate - 1gal",
        "Description": "3-comp sink sanitizing and sanitizing of food-preparation surfaces"
    },
    {
        "index":83,
       "BusinessType": "Bar",
       "PrimaryArea": "Kitchen",
       "BusinessSize": "Medium",
       "ProductRecomendation": "Dawn Manual Pot & Pan",
        "Size": "Concentrate - 1gal",
        "Description": "Manual dishwashing in 3-comp sinks"
    },
    {
        "index":84,
       "BusinessType": "Contract Cleaning",
       "PrimaryArea": "Kitchenette",
       "BusinessSize": "Medium",
       "ProductRecomendation": "Dawn Manual Pot & Pan",
        "Size": "Concentrate - 1gal",
        "Description": "Washing up of plates and mugs"
    },
    {
        "index":85,
       "BusinessType": "Full-service Restaurant",
       "PrimaryArea": "Kitchen",
       "BusinessSize": "Medium",
       "ProductRecomendation": "Dawn Manual Pot & Pan",
        "Size": "Concentrate - 1gal",
        "Description": "Manual dishwashing in 3-comp sinks"
    },
    {
        "index":86,
       "BusinessType": "Hair/Beauty Salon",
       "PrimaryArea": "Kitchenette",
       "BusinessSize": "Medium",
       "ProductRecomendation": "Dawn Manual Pot & Pan",
        "Size": "Concentrate - 1gal",
        "Description": "Washing up of plates and mugs"
    },
    {
        "index":87,
       "BusinessType": "Office",
       "PrimaryArea": "Kitchenette",
       "BusinessSize": "Medium",
       "ProductRecomendation": "Dawn Manual Pot & Pan",
        "Size": "Concentrate - 1gal",
        "Description": "Washing up of plates and mugs"
    },
    {
        "index":88,
       "BusinessType": "Other",
       "PrimaryArea": "Kitchenette",
       "BusinessSize": "Medium",
       "ProductRecomendation": "Dawn Manual Pot & Pan",
        "Size": "Concentrate - 1gal",
        "Description": "Manual dishwashing in sink"
    },
    {
        "index":89,
       "BusinessType": "Quick-serve Restaurant",
       "PrimaryArea": "Kitchen",
       "BusinessSize": "Medium",
       "ProductRecomendation": "Dawn Manual Pot & Pan",
        "Size": "Concentrate - 1gal",
        "Description": "Manual dishwashing in 3-comp sinks"
    },
    {
        "index":90,
       "BusinessType": "Shop",
       "PrimaryArea": "Kitchenette",
       "BusinessSize": "Medium",
       "ProductRecomendation": "Dawn Manual Pot & Pan",
        "Size": "Concentrate - 1gal",
        "Description": "Washing up of plates and mugs"
    },
    {
        "index":91,
       "BusinessType": "Bar",
       "PrimaryArea": "Kitchen",
       "BusinessSize": "Medium",
       "ProductRecomendation": "Dawn Heavy Duty Floor Cleaner (restaurant)",
        "Size": "Concentrate - 1gal",
        "Description": "Degreasing of unfinished floors"
    },
    {
        "index":92,
       "BusinessType": "Other",
       "PrimaryArea": "Kitchen",
       "BusinessSize": "Medium",
       "ProductRecomendation": "Dawn Heavy Duty Floor Cleaner",
        "Size": "Concentrate - 1gal",
        "Description": "Degreasing of unfinished floors"
    },
    {
        "index":93,
       "BusinessType": "Full-service Restaurant",
       "PrimaryArea": "Kitchen",
       "BusinessSize": "Medium",
       "ProductRecomendation": "Dawn Heavy Duty Floor Cleaner (restaurant)",
        "Size": "Concentrate - 1gal",
        "Description": "Degreasing of unfinished floors"
    },
    {
        "index":94,
       "BusinessType": "Quick-serve Restaurant",
       "PrimaryArea": "Kitchen",
       "BusinessSize": "Medium",
       "ProductRecomendation": "Dawn Heavy Duty Floor Cleaner (restaurant)",
        "Size": "Concentrate - 1gal",
        "Description": "Degreasing of unfinished floors"
    },
    {
        "index":95,
       "BusinessType": "Quick-serve Restaurant",
       "PrimaryArea": "Outdoor Areas",
       "BusinessSize": "Medium",
       "ProductRecomendation": "Dawn Multi-Surface HDD (Johnny)",
        "Size": "Concentrate - 1gal",
        "Description": "For cleaning of exterior areas such as concrete and blacktop."
    },
    {
        "index":96,
       "BusinessType": "Contract Cleaning",
       "PrimaryArea": "Public Spaces",
       "BusinessSize": "Medium",
       "ProductRecomendation": "Mr. Clean Finished Floor Cleaner (office)",
        "Size": "Concentrate - 1gal",
        "Description": "Cleaning of finished floors"
    },
    {
        "index":97,
       "BusinessType": "Hair/Beauty Salon",
       "PrimaryArea": "Front of House",
       "BusinessSize": "Medium",
       "ProductRecomendation": "Mr. Clean Finished Floor Cleaner (office)",
        "Size": "Concentrate - 1gal",
        "Description": "Cleaning of finished floors"
    },
    {
        "index":98,
       "BusinessType": "Office",
       "PrimaryArea": "Public Spaces",
       "BusinessSize": "Medium",
       "ProductRecomendation": "Mr. Clean Finished Floor Cleaner (office)",
        "Size": "Concentrate - 1gal",
        "Description": "Cleaning of finished floors"
    },
    {
        "index":99,
       "BusinessType": "Other",
       "PrimaryArea": "Front of House",
       "BusinessSize": "Medium",
       "ProductRecomendation": "Mr. Clean Finished Floor Cleaner (office)",
        "Size": "Concentrate - 1gal",
        "Description": "Cleaning of finished floors"
    },
    {
        "index":100,
       "BusinessType": "Shop",
       "PrimaryArea": "Front of House",
       "BusinessSize": "Medium",
       "ProductRecomendation": "Mr. Clean Finished Floor Cleaner (office)",
        "Size": "Concentrate - 1gal",
        "Description": "Cleaning of finished floors"
    },
    {
        "index":101,
       "BusinessType": "Other",
       "PrimaryArea": "Kitchen",
       "BusinessSize": "Small",
       "ProductRecomendation": "Dawn Heavy Duty Floor Cleaner",
        "Size": "Concentrate - 1gal",
        "Description": "Degreasing of unfinished floors"
    },
    {
        "index":102,
       "BusinessType": "Full-service Restaurant",
       "PrimaryArea": "Kitchen",
       "BusinessSize": "Small",
       "ProductRecomendation": "Dawn Heavy Duty Floor Cleaner (restaurant)",
        "Size": "Concentrate - 1gal",
        "Description": "Degreasing of unfinished floors"
    },
    {
        "index":103,
       "BusinessType": "Hotel",
       "PrimaryArea": "Kitchen",
       "BusinessSize": "Small",
       "ProductRecomendation": "Dawn Heavy Duty Floor Cleaner (restaurant)",
        "Size": "Concentrate - 1gal",
        "Description": "Degreasing of unfinished floors"
    },
    {
        "index":104,
       "BusinessType": "Quick-serve Restaurant",
       "PrimaryArea": "Kitchen",
       "BusinessSize": "Small",
       "ProductRecomendation": "Dawn Heavy Duty Floor Cleaner (restaurant)",
        "Size": "Concentrate - 1gal",
        "Description": "Degreasing of unfinished floors"
    },
    {
        "index":105,
       "BusinessType": "Guest House",
       "PrimaryArea": "Kitchen",
       "BusinessSize": "Small",
       "ProductRecomendation": "Dawn Heavy Duty Floor Cleaner (restaurant)",
        "Size": "Concentrate - 1gal",
        "Description": "Degreasing of unfinished floors"
    },
    {
        "index":106,
       "BusinessType": "Bar",
       "PrimaryArea": "Kitchen",
       "BusinessSize": "Small",
       "ProductRecomendation": "Dawn Heavy Duty Floor Cleaner (restaurant)",
        "Size": "Concentrate - 1gal",
        "Description": "Degreasing of unfinished floors"
    },
    {
        "index":107,
       "BusinessType": "Quick-serve Restaurant",
       "PrimaryArea": "Outdoor Areas",
       "BusinessSize": "Small",
       "ProductRecomendation": "Dawn Multi-Surface HDD (Johnny)",
        "Size": "Concentrate - 1gal",
        "Description": "For cleaning of exterior areas such as concrete and blacktop."
    },
    {
        "index":108,
       "BusinessType": "Cafe",
       "PrimaryArea": "Kitchen",
       "BusinessSize": "Small",
       "ProductRecomendation": "Dawn Heavy Duty Floor Cleaner (restaurant)",
        "Size": "Concentrate - 1gal",
        "Description": "Degreasing of unfinished floors"
    },
    {
        "index":109,
       "BusinessType": "Hotel",
       "PrimaryArea": "Public Areas",
       "BusinessSize": "Small",
       "ProductRecomendation": "Mr Clean Finished Floor Cleaner",
        "Size": "Concentrate - 1gal",
        "Description": "Removes particulate soil from high traffic areas."
    },
    {
        "index":110,
       "BusinessType": "Hotel",
       "PrimaryArea": "Restrooms",
       "BusinessSize": "Small",
       "ProductRecomendation": "Mr Clean Finished Floor Cleaner",
        "Size": "Concentrate - 1gal",
        "Description": "For cleaning of restroom floors"
    },
    {
        "index":111,
       "BusinessType": "Motel",
       "PrimaryArea": "Public Areas",
       "BusinessSize": "Small",
       "ProductRecomendation": "Mr Clean Finished Floor Cleaner",
        "Size": "Concentrate - 1gal",
        "Description": "Removes particulate soil from high traffic areas."
    },
    {
        "index":112,
       "BusinessType": "Motel",
       "PrimaryArea": "Restrooms",
       "BusinessSize": "Small",
       "ProductRecomendation": "Mr Clean Finished Floor Cleaner",
        "Size": "Concentrate - 1gal",
        "Description": "For cleaning of restroom floors"
    },
    {
        "index":113,
       "BusinessType": "Guest House",
       "PrimaryArea": "Public Areas",
       "BusinessSize": "Small",
       "ProductRecomendation": "Mr Clean Finished Floor Cleaner",
        "Size": "Concentrate - 1gal",
        "Description": "Removes particulate soil from high traffic areas."
    },
    {
        "index":114,
       "BusinessType": "Guest House",
       "PrimaryArea": "Restrooms",
       "BusinessSize": "Small",
       "ProductRecomendation": "Mr Clean Finished Floor Cleaner",
        "Size": "Concentrate - 1gal",
        "Description": "For cleaning of restroom floors"
    },
    {
        "index":115,
       "BusinessType": "Contract Cleaning",
       "PrimaryArea": "Public Spaces",
       "BusinessSize": "Small",
       "ProductRecomendation": "Mr. Clean Finished Floor Cleaner (office)",
        "Size": "Concentrate - 1gal",
        "Description": "Cleaning of finished floors"
    },
    {
        "index":116,
       "BusinessType": "Hair/Beauty Salon",
       "PrimaryArea": "Front of House",
       "BusinessSize": "Small",
       "ProductRecomendation": "Mr. Clean Finished Floor Cleaner (office)",
        "Size": "Concentrate - 1gal",
        "Description": "Cleaning of finished floors"
    },
    {
        "index":117,
       "BusinessType": "Office",
       "PrimaryArea": "Public Spaces",
       "BusinessSize": "Small",
       "ProductRecomendation": "Mr. Clean Finished Floor Cleaner (office)",
        "Size": "Concentrate - 1gal",
        "Description": "Cleaning of finished floors"
    },
    {
        "index":118,
       "BusinessType": "Other",
       "PrimaryArea": "Front of House",
       "BusinessSize": "Small",
       "ProductRecomendation": "Mr. Clean Finished Floor Cleaner (office)",
        "Size": "Concentrate - 1gal",
        "Description": "Cleaning of finished floors"
    },
    {
        "index":119,
       "BusinessType": "Shop",
       "PrimaryArea": "Front of House",
       "BusinessSize": "Small",
       "ProductRecomendation": "Mr. Clean Finished Floor Cleaner (office)",
        "Size": "Concentrate - 1gal",
        "Description": "Cleaning of finished floors"
    },
    {
        "index":120,
       "BusinessType": "Other",
       "PrimaryArea": "Kitchen",
       "BusinessSize": "Medium",
       "ProductRecomendation": "Clean Quick Broad Range Sanitizer",
        "Size": "Concentrate - 1gal",
        "Description": "3-comp sink sanitizing and sanitizing of food-preparation surfaces"
    },
    {
        "index":121,
       "BusinessType": "Bar",
       "PrimaryArea": "Kitchen",
       "BusinessSize": "Medium",
       "ProductRecomendation": "Clean Quick Broad Range Sanitizer (restaurant)",
        "Size": "Concentrate - 1gal",
        "Description": "3-comp sink sanitizing and sanitizing of food-preparation surfaces"
    },
    {
        "index":122,
       "BusinessType": "Full-service Restaurant",
       "PrimaryArea": "Kitchen",
       "BusinessSize": "Medium",
       "ProductRecomendation": "Clean Quick Broad Range Sanitizer (restaurant)",
        "Size": "Concentrate - 1gal",
        "Description": "3-comp sink sanitizing and sanitizing of food-preparation surfaces"
    },
    {
        "index":123,
       "BusinessType": "Quick-serve Restaurant",
       "PrimaryArea": "Kitchen",
       "BusinessSize": "Medium",
       "ProductRecomendation": "Clean Quick Broad Range Sanitizer (restaurant)",
        "Size": "Concentrate - 1gal",
        "Description": "3-comp sink sanitizing and sanitizing of food-preparation surfaces"
    },
    {
        "index":124,
       "BusinessType": "Bar",
       "PrimaryArea": "Restrooms",
       "BusinessSize": "Medium",
       "ProductRecomendation": "Comet Disinfecting Cleaner with Bleach",
        "Size": "Concentrate - 1gal",
        "Description": "Cleaning and disinfecting of surfaces, particularly in Bathroom.  Also great for stain removal."
    },
    {
        "index":125,
       "BusinessType": "Contract Cleaning",
       "PrimaryArea": "Restrooms",
       "BusinessSize": "Medium",
       "ProductRecomendation": "Comet Disinfecting Cleaner with Bleach",
        "Size": "Concentrate - 1gal",
        "Description": "Clean and disinfect restrooms"
    },
    {
        "index":126,
       "BusinessType": "Full-service Restaurant",
       "PrimaryArea": "Restrooms",
       "BusinessSize": "Medium",
       "ProductRecomendation": "Comet Disinfecting Cleaner with Bleach",
        "Size": "Concentrate - 1gal",
        "Description": "Cleaning and disinfecting of surfaces, particularly in Bathroom.  Also great for stain removal."
    },
    {
        "index":127,
        "BusinessType": "Hair/Beauty Salon",
       "PrimaryArea": "Restrooms",
       "BusinessSize": "Medium",
       "ProductRecomendation": "Comet Disinfecting Cleaner with Bleach",
        "Size": "Concentrate - 1gal",
        "Description": "Clean and disinfect restrooms"
    },
    {
        "index":128,
       "BusinessType": "Office",
       "PrimaryArea": "Restrooms",
       "BusinessSize": "Medium",
       "ProductRecomendation": "Comet Disinfecting Cleaner with Bleach",
        "Size": "Concentrate - 1gal",
        "Description": "Clean and disinfect restrooms"
    },
    {
        "index":129,
       "BusinessType": "Other",
       "PrimaryArea": "Restrooms",
       "BusinessSize": "Medium",
       "ProductRecomendation": "Comet Disinfecting Cleaner with Bleach",
        "Size": "Concentrate - 1gal",
        "Description": "Cleaning and disinfecting of surfaces, particularly in Bathroom.  Also great for stain removal."
    },
    {
        "index":130,
       "BusinessType": "Quick-serve Restaurant",
       "PrimaryArea": "Restrooms",
       "BusinessSize": "Medium",
       "ProductRecomendation": "Comet Disinfecting Cleaner with Bleach",
        "Size": "Concentrate - 1gal",
        "Description": "Cleaning and disinfecting of surfaces, particularly in Bathroom.  Also great for stain removal."
    },
    {
        "index":131,
       "BusinessType": "Shop",
       "PrimaryArea": "Restrooms",
       "BusinessSize": "Medium",
       "ProductRecomendation": "Comet Disinfecting Cleaner with Bleach",
        "Size": "Concentrate - 1gal",
        "Description": "Clean and disinfect restrooms"
    },
    {
        "index":132,
       "BusinessType": "Hotel",
       "PrimaryArea": "Guest Room Kitchenette",
       "BusinessSize": "Small",
       "ProductRecomendation": "Clean Quick Broad Range Quat Sanitizer",
        "Size": "Concentrate - 1gal",
        "Description": "Broad range and Kosher sanitizer "
    },
    {
        "index":133,
       "BusinessType": "Motel",
       "PrimaryArea": "Guest Room Kitchenette",
       "BusinessSize": "Small",
       "ProductRecomendation": "Clean Quick Broad Range Quat Sanitizer",
        "Size": "Concentrate - 1gal",
        "Description": "Broad range and Kosher sanitizer "
    },
    {
        "index":134,
       "BusinessType": "Other",
       "PrimaryArea": "Kitchen",
       "BusinessSize": "Small",
       "ProductRecomendation": "Clean Quick Broad Range Sanitizer ",
        "Size": "Concentrate - 1gal",
        "Description": "3-comp sink sanitizing and sanitizing of food-preparation surfaces"
    },
    {
        "index":135,
       "BusinessType": "Contract Cleaning",
       "PrimaryArea": "Kitchenette",
       "BusinessSize": "Small",
       "ProductRecomendation": "Dawn Manual Pot & Pan",
        "Size": "Concentrate - 1gal",
        "Description": "Washing up of plates and mugs"
    },
    {
        "index":136,
       "BusinessType": "Hair/Beauty Salon",
       "PrimaryArea": "Kitchenette",
       "BusinessSize": "Small",
       "ProductRecomendation": "Dawn Manual Pot & Pan",
        "Size": "Concentrate - 1gal",
        "Description": "Washing up of plates and mugs"
    },
    {
        "index":137,
       "BusinessType": "Office",
       "PrimaryArea": "Kitchenette",
       "BusinessSize": "Small",
       "ProductRecomendation": "Dawn Manual Pot & Pan",
        "Size": "Concentrate - 1gal",
        "Description": "Washing up of plates and mugs"
    },
    {
        "index":138,
       "BusinessType": "Other",
       "PrimaryArea": "Kitchenette",
       "BusinessSize": "Small",
       "ProductRecomendation": "Dawn Manual Pot & Pan",
        "Size": "Concentrate - 1gal",
        "Description": "Manual dishwashing in sink"
    },
    {
        "index":139,
       "BusinessType": "Shop",
       "PrimaryArea": "Kitchenette",
       "BusinessSize": "Small",
       "ProductRecomendation": "Dawn Manual Pot & Pan",
        "Size": "Concentrate - 1gal",
        "Description": "Washing up of plates and mugs"
    },
    {
        "index":140,
       "BusinessType": "Contract Cleaning",
       "PrimaryArea": "Kitchenette",
       "BusinessSize": "Small",
       "ProductRecomendation": "Dawn Multi-Surface HDD (Johnny)",
        "Size": "Concentrate - 1gal",
        "Description": "Cleaning of tough soils and marks"
    },
    {
        "index":141,
       "BusinessType": "Office",
       "PrimaryArea": "Kitchenette",
       "BusinessSize": "Small",
       "ProductRecomendation": "Dawn Multi-Surface HDD (Johnny)",
        "Size": "Concentrate - 1gal",
        "Description": "Cleaning of tough soils and marks"
    },
    {
        "index":142,
       "BusinessType": "Other",
       "PrimaryArea": "Kitchenette",
       "BusinessSize": "Small",
       "ProductRecomendation": "Dawn Multi-Surface HDD (Johnny)",
        "Size": "Concentrate - 1gal",
        "Description": "Cleaning of tough soils and marks"
    },
    {
        "index":143,
       "BusinessType": "Hotel",
       "PrimaryArea": "Public Areas",
       "BusinessSize": "Small",
       "ProductRecomendation": "PGPL Carpet Extraction Cleaner",
        "Size": "Concentrate - 1gal",
        "Description": "One step to clean and deodorize.  Great for removing greasy soils"
    },
    {
        "index":144,
       "BusinessType": "Motel",
       "PrimaryArea": "Public Areas",
       "BusinessSize": "Small",
       "ProductRecomendation": "PGPL Carpet Extraction Cleaner",
        "Size": "Concentrate - 1gal",
        "Description": "One step to clean and deodorize.  Great for removing greasy soils"
    },
    {
        "index":145,
       "BusinessType": "Guest House",
       "PrimaryArea": "Public Areas",
       "BusinessSize": "Small",
       "ProductRecomendation": "PGPL Carpet Extraction Cleaner",
        "Size": "Concentrate - 1gal",
        "Description": "One step to clean and deodorize.  Great for removing greasy soils"
    },
    {
        "index":146,
       "BusinessType": "Bar",
       "PrimaryArea": "Kitchen",
       "BusinessSize": "Medium",
       "ProductRecomendation": "Dawn Multi-Surface HDD (Johnny)",
        "Size": "Concentrate - 1gal",
        "Description": "Tough grease cleaning from surfaces to oven, grill and fryer"
    },
    {
        "index":147,
       "BusinessType": "Contract Cleaning",
       "PrimaryArea": "Kitchenette",
       "BusinessSize": "Medium",
       "ProductRecomendation": "Dawn Multi-Surface HDD (Johnny)",
        "Size": "Concentrate - 1gal",
        "Description": "Cleaning of tough soils and marks"
    },
    {
        "index":148,
       "BusinessType": "Full-service Restaurant",
       "PrimaryArea": "Kitchen",
       "BusinessSize": "Medium",
       "ProductRecomendation": "Dawn Multi-Surface HDD (Johnny)",
        "Size": "Concentrate - 1gal",
        "Description": "Tough grease cleaning from surfaces to oven, grill and fryer"
    },
    {
        "index":149,
       "BusinessType": "Office",
       "PrimaryArea": "Kitchenette",
       "BusinessSize": "Medium",
       "ProductRecomendation": "Dawn Multi-Surface HDD (Johnny)",
        "Size": "Concentrate - 1gal",
        "Description": "Cleaning of tough soils and marks"
    },
    {
        "index":150,
       "BusinessType": "Other",
       "PrimaryArea": "Kitchen",
       "BusinessSize": "Medium",
       "ProductRecomendation": "Dawn Multi-Surface HDD (Johnny)",
        "Size": "Concentrate - 1gal",
        "Description": "Tough grease cleaning from surfaces to oven, grill and fryer"
    },
    {
        "index":151,
       "BusinessType": "Other",
       "PrimaryArea": "Kitchenette",
       "BusinessSize": "Medium",
       "ProductRecomendation": "Dawn Multi-Surface HDD (Johnny)",
        "Size": "Concentrate - 1gal",
        "Description": "Cleaning of tough soils and marks"
    },
    {
        "index":152,
       "BusinessType": "Quick-serve Restaurant",
       "PrimaryArea": "Kitchen",
       "BusinessSize": "Medium",
       "ProductRecomendation": "Dawn Multi-Surface HDD (Johnny)",
        "Size": "Concentrate - 1gal",
        "Description": "Tough grease cleaning from surfaces to oven, grill and fryer"
    },
    {
        "index":153,
       "BusinessType": "Contract Cleaning",
       "PrimaryArea": "Public Spaces",
       "BusinessSize": "Medium",
       "ProductRecomendation": "Spic & Span 3-n-1",
        "Size": "Dilute2Go - 4.5L",
        "Description": "Clean and disinfect tables and hard surfaces"
    },
    {
        "index":154,
       "BusinessType": "Office",
       "PrimaryArea": "Public Spaces",
       "BusinessSize": "Medium",
       "ProductRecomendation": "Spic & Span 3-n-1",
        "Size": "Dilute2Go - 4.5L",
        "Description": "Clean and disinfect tables and hard surfaces"
    },
    {
        "index":155,
       "BusinessType": "Contract Cleaning",
       "PrimaryArea": "Kitchenette",
       "BusinessSize": "Medium",
       "ProductRecomendation": "Bounty Paper Towels",
        "Size": "N/A",
        "Description": "For drying hands, dishes/cups and spot cleaning"
    },
    {
        "index":156,
       "BusinessType": "Hair/Beauty Salon",
       "PrimaryArea": "Kitchenette",
       "BusinessSize": "Medium",
       "ProductRecomendation": "Bounty Paper Towels",
        "Size": "N/A",
        "Description": "For drying hands, dishes/cups and spot cleaning"
    },
    {
        "index":157,
       "BusinessType": "Office",
       "PrimaryArea": "Kitchenette",
       "BusinessSize": "Medium",
       "ProductRecomendation": "Bounty Paper Towels",
        "Size": "N/A",
        "Description": "For drying hands, dishes/cups and spot cleaning"
    },
    {
        "index":158,
       "BusinessType": "Other",
       "PrimaryArea": "Kitchenette",
       "BusinessSize": "Medium",
       "ProductRecomendation": "Bounty Paper Towels",
        "Size": "N/A",
        "Description": "For drying hands, dishes/cups and spot cleaning"
    },
    {
        "index":159,
       "BusinessType": "Shop",
       "PrimaryArea": "Kitchenette",
       "BusinessSize": "Medium",
       "ProductRecomendation": "Bounty Paper Towels",
        "Size": "N/A",
        "Description": "For drying hands, dishes/cups and spot cleaning"
    },
    {
        "index":160,
       "BusinessType": "Contract Cleaning",
       "PrimaryArea": "Public Spaces",
       "BusinessSize": "Medium",
       "ProductRecomendation": "Magic Eraser",
        "Size": "N/A",
        "Description": "Spot cleaning of scuffs and marks on hard surfaces"
    },
    {
        "index":161,
       "BusinessType": "Hair/Beauty Salon",
       "PrimaryArea": "Front of House",
       "BusinessSize": "Medium",
       "ProductRecomendation": "Magic Eraser",
        "Size": "N/A",
        "Description": "Spot cleaning of scuffs and marks on hard surfaces"
    },
    {
        "index":162,
       "BusinessType": "Office",
       "PrimaryArea": "Public Spaces",
       "BusinessSize": "Medium",
       "ProductRecomendation": "Magic Eraser",
        "Size": "N/A",
        "Description": "Spot cleaning of scuffs and marks on hard surfaces"
    },
    {
        "index":163,
       "BusinessType": "Shop",
       "PrimaryArea": "Front of House",
       "BusinessSize": "Medium",
       "ProductRecomendation": "Magic Eraser",
        "Size": "N/A",
        "Description": "Spot cleaning of scuffs and marks on hard surfaces"
    },
    {
        "index":164,
       "BusinessType": "Contract Cleaning",
       "PrimaryArea": "Public Spaces",
       "BusinessSize": "Medium",
       "ProductRecomendation": "Swiffer Dusters (office)",
        "Size": "N/A",
        "Description": "Dusting hard to reach areas"
    },
    {
        "index":165,
       "BusinessType": "Hair/Beauty Salon",
       "PrimaryArea": "Front of House",
       "BusinessSize": "Medium",
       "ProductRecomendation": "Swiffer Dusters (office)",
        "Size": "N/A",
        "Description": "Dusting hard to reach areas"
    },
    {
        "index":166,
       "BusinessType": "Office",
       "PrimaryArea": "Public Spaces",
       "BusinessSize": "Medium",
       "ProductRecomendation": "Swiffer Dusters (office)",
        "Size": "N/A",
        "Description": "Dusting hard to reach areas"
    },
    {
        "index":167,
       "BusinessType": "Other",
       "PrimaryArea": "Front of House",
       "BusinessSize": "Medium",
       "ProductRecomendation": "Swiffer Dusters (office)",
        "Size": "N/A",
        "Description": "Dusting hard to reach areas"
    },
    {
        "index":168,
       "BusinessType": "Shop",
       "PrimaryArea": "Front of House",
       "BusinessSize": "Medium",
       "ProductRecomendation": "Swiffer Dusters (office)",
        "Size": "N/A",
        "Description": "Dusting hard to reach areas"
    },
    {
        "index":169,
       "BusinessType": "Contract Cleaning",
       "PrimaryArea": "Kitchenette",
       "BusinessSize": "Small",
       "ProductRecomendation": "Bounty Paper Towels",
        "Size": "N/A",
        "Description": "For drying hands, dishes/cups and spot cleaning"
    },
    {
        "index":170,
       "BusinessType": "Hair/Beauty Salon",
       "PrimaryArea": "Kitchenette",
       "BusinessSize": "Small",
       "ProductRecomendation": "Bounty Paper Towels",
        "Size": "N/A",
        "Description": "For drying hands, dishes/cups and spot cleaning"
    },
    {
        "index":171,
        "BusinessType": "Office",
       "PrimaryArea": "Kitchenette",
       "BusinessSize": "Small",
       "ProductRecomendation": "Bounty Paper Towels",
        "Size": "N/A",
        "Description": "For drying hands, dishes/cups and spot cleaning"
    },
    {
        "index":172,
       "BusinessType": "Other",
       "PrimaryArea": "Kitchenette",
       "BusinessSize": "Small",
       "ProductRecomendation": "Bounty Paper Towels",
        "Size": "N/A",
        "Description": "For drying hands, dishes/cups and spot cleaning"
    },
    {
        "index":173,
       "BusinessType": "Shop",
       "PrimaryArea": "Kitchenette",
       "BusinessSize": "Small",
       "ProductRecomendation": "Bounty Paper Towels",
        "Size": "N/A",
        "Description": "For drying hands, dishes/cups and spot cleaning"
    },
    {
        "index":174,
       "BusinessType": "Contract Cleaning",
       "PrimaryArea": "Public Spaces",
       "BusinessSize": "Small",
       "ProductRecomendation": "Magic Eraser",
        "Size": "N/A",
        "Description": "Spot cleaning of scuffs and marks on hard surfaces"
    },
    {
        "index":175,
       "BusinessType": "Hair/Beauty Salon",
       "PrimaryArea": "Front of House",
       "BusinessSize": "Small",
       "ProductRecomendation": "Magic Eraser",
        "Size": "N/A",
        "Description": "Spot cleaning of scuffs and marks on hard surfaces"
    },
    {
        "index":176,
       "BusinessType": "Office",
       "PrimaryArea": "Public Spaces",
       "BusinessSize": "Small",
       "ProductRecomendation": "Magic Eraser",
        "Size": "N/A",
        "Description": "Spot cleaning of scuffs and marks on hard surfaces"
    },
    {
        "index":177,
       "BusinessType": "Shop",
       "PrimaryArea": "Front of House",
       "BusinessSize": "Small",
       "ProductRecomendation": "Magic Eraser",
        "Size": "N/A",
        "Description": "Spot cleaning of scuffs and marks on hard surfaces"
    },
    {
        "index":178,
       "BusinessType": "Hotel",
       "PrimaryArea": "Guest Rooms",
       "BusinessSize": "Small",
       "ProductRecomendation": "Mr Clean Magic Eraser",
        "Size": "N/A",
        "Description": "For removal of difficult marks and scuffs on walls, baseboards, floors and switch plates"
    },
    {
        "index":179,
       "BusinessType": "Hotel",
       "PrimaryArea": "Public Areas",
       "BusinessSize": "Small",
       "ProductRecomendation": "Mr Clean Magic Eraser",
        "Size": "N/A",
        "Description": "For removal of difficult marks and scuffs on walls, baseboards, floors and switch plates"
    },
    {
        "index":180,
       "BusinessType": "Motel",
       "PrimaryArea": "Guest Rooms",
       "BusinessSize": "Small",
       "ProductRecomendation": "Mr Clean Magic Eraser",
        "Size": "N/A",
        "Description": "For removal of difficult marks and scuffs on walls, baseboards, floors and switch plates"
    },
    {
        "index":181,
       "BusinessType": "Motel",
       "PrimaryArea": "Public Areas",
       "BusinessSize": "Small",
       "ProductRecomendation": "Mr Clean Magic Eraser",
        "Size": "N/A",
        "Description": "For removal of difficult marks and scuffs on walls, baseboards, floors and switch plates"
    },
    {
        "index":182,
       "BusinessType": "Guest House",
       "PrimaryArea": "Guest Rooms",
       "BusinessSize": "Small",
       "ProductRecomendation": "Mr Clean Magic Eraser",
        "Size": "N/A",
        "Description": "For removal of difficult marks and scuffs on walls, baseboards, floors and switch plates"
    },
    {
        "index":183,
       "BusinessType": "Guest House",
       "PrimaryArea": "Public Areas",
       "BusinessSize": "Small",
       "ProductRecomendation": "Mr Clean Magic Eraser",
        "Size": "N/A",
        "Description": "For removal of difficult marks and scuffs on walls, baseboards, floors and switch plates"
    },
    {
        "index":184,
       "BusinessType": "Hotel",
       "PrimaryArea": "Guest Rooms",
       "BusinessSize": "Small",
       "ProductRecomendation": "Swiffer Duster with extender pole",
        "Size": "N/A",
        "Description": "For quick and easy dusting of door and window frames, baseboards, HVAC, artwork and other hard to reach areas"
    },
    {
        "index":185,
       "BusinessType": "Hotel",
       "PrimaryArea": "Public Areas",
       "BusinessSize": "Small",
       "ProductRecomendation": "Swiffer Duster with extender pole",
        "Size": "N/A",
        "Description": "For quick and easy dusting of door and window frames, baseboards, HVAC, artwork and other hard to reach areas"
    },
    {
        "index":186,
       "BusinessType": "Motel",
       "PrimaryArea": "Guest Rooms",
       "BusinessSize": "Small",
       "ProductRecomendation": "Swiffer Duster with extender pole",
        "Size": "N/A",
        "Description": "For quick and easy dusting of door and window frames, baseboards, HVAC, artwork and other hard to reach areas"
    },
    {
        "index":187,
       "BusinessType": "Motel",
       "PrimaryArea": "Public Areas",
       "BusinessSize": "Small",
       "ProductRecomendation": "Swiffer Duster with extender pole",
        "Size": "N/A",
        "Description": "For quick and easy dusting of door and window frames, baseboards, HVAC, artwork and other hard to reach areas"
    },
    {
        "index":188,
       "BusinessType": "Guest House",
       "PrimaryArea": "Guest Rooms",
       "BusinessSize": "Small",
       "ProductRecomendation": "Swiffer Duster with extender pole",
        "Size": "N/A",
        "Description": "For quick and easy dusting of door and window frames, baseboards, HVAC, artwork and other hard to reach areas"
    },
    {
        "index":189,
       "BusinessType": "Guest House",
       "PrimaryArea": "Public Areas",
       "BusinessSize": "Small",
       "ProductRecomendation": "Swiffer Duster with extender pole",
        "Size": "N/A",
        "Description": "For quick and easy dusting of door and window frames, baseboards, HVAC, artwork and other hard to reach areas"
    },
    {
        "index":190,
       "BusinessType": "Contract Cleaning",
       "PrimaryArea": "Public Spaces",
       "BusinessSize": "Small",
       "ProductRecomendation": "Swiffer Dusters (office)",
        "Size": "N/A",
        "Description": "Dusting hard to reach areas"
    },
    {
        "index":191,
       "BusinessType": "Hair/Beauty Salon",
       "PrimaryArea": "Front of House",
       "BusinessSize": "Small",
       "ProductRecomendation": "Swiffer Dusters (office)",
        "Size": "N/A",
        "Description": "Dusting hard to reach areas"
    },
    {
        "index":192,
       "BusinessType": "Office",
       "PrimaryArea": "Public Spaces",
       "BusinessSize": "Small",
       "ProductRecomendation": "Swiffer Dusters (office)",
        "Size": "N/A",
        "Description": "Dusting hard to reach areas"
    },
    {
        "index":193,
       "BusinessType": "Other",
       "PrimaryArea": "Front of House",
       "BusinessSize": "Small",
       "ProductRecomendation": "Swiffer Dusters (office)",
        "Size": "N/A",
        "Description": "Dusting hard to reach areas"
    },
    {
        "index":194,
       "BusinessType": "Shop",
       "PrimaryArea": "Front of House",
       "BusinessSize": "Small",
       "ProductRecomendation": "Swiffer Dusters (office)",
        "Size": "N/A",
        "Description": "Dusting hard to reach areas"
    },
    {
        "index":195,
       "BusinessType": "Hotel",
       "PrimaryArea": "Restrooms",
       "BusinessSize": "Small",
       "ProductRecomendation": "Swiffer Sweeper",
        "Size": "N/A",
        "Description": "Removes unsightly hair, dust and dirt from floor."
    },
    {
        "index":196,
       "BusinessType": "Motel",
       "PrimaryArea": "Restrooms",
       "BusinessSize": "Small",
       "ProductRecomendation": "Swiffer Sweeper",
        "Size": "N/A",
        "Description": "Removes unsightly hair, dust and dirt from floor."
    },
    {
        "index":197,
       "BusinessType": "Guest House",
       "PrimaryArea": "Restrooms",
       "BusinessSize": "Small",
       "ProductRecomendation": "Swiffer Sweeper",
        "Size": "N/A",
        "Description": "Removes unsightly hair, dust and dirt from floor."
    },
    {
        "index":198,
       "BusinessType": "Bar",
       "PrimaryArea": "Front of House",
       "BusinessSize": "Small",
       "ProductRecomendation": "Magic Eraser",
        "Size": "N/A",
        "Description": "Spot cleaning of scuffs and marks on hard surfaces"
    },
    {
        "index":199,
       "BusinessType": "Full-service Restaurant",
       "PrimaryArea": "Front of House",
       "BusinessSize": "Small",
       "ProductRecomendation": "Magic Eraser",
        "Size": "N/A",
        "Description": "Spot cleaning of scuffs and marks on hard surfaces"
    },
    {
        "index":200,
       "BusinessType": "Other",
       "PrimaryArea": "Front of House",
       "BusinessSize": "Small",
       "ProductRecomendation": "Magic Eraser",
        "Size": "N/A",
        "Description": "Spot cleaning of scuffs and marks on hard surfaces"
    },
    {
        "index":201,
       "BusinessType": "Quick-serve Restaurant",
       "PrimaryArea": "Front of House",
       "BusinessSize": "Small",
       "ProductRecomendation": "Magic Eraser",
        "Size": "N/A",
        "Description": "Spot cleaning of scuffs and marks on hard surfaces"
    },
    {
        "index":202,
       "BusinessType": "Cafe",
       "PrimaryArea": "Front of House",
       "BusinessSize": "Small",
       "ProductRecomendation": "Magic Eraser",
        "Size": "N/A",
        "Description": "Spot cleaning of scuffs and marks on hard surfaces"
    },
    {
        "index":203,
       "BusinessType": "Bar",
       "PrimaryArea": "Front of House",
       "BusinessSize": "Medium",
       "ProductRecomendation": "Magic Eraser",
        "Size": "RTU",
        "Description": "Spot cleaning of scuffs and marks on hard surfaces"
    },
    {
        "index":204,
       "BusinessType": "Full-service Restaurant",
       "PrimaryArea": "Front of House",
       "BusinessSize": "Medium",
       "ProductRecomendation": "Magic Eraser",
        "Size": "RTU",
        "Description": "Spot cleaning of scuffs and marks on hard surfaces"
    },
    {
        "index":205,
       "BusinessType": "Other",
       "PrimaryArea": "Front of House",
       "BusinessSize": "Medium",
       "ProductRecomendation": "Magic Eraser",
        "Size": "RTU",
        "Description": "Spot cleaning of scuffs and marks on hard surfaces"
    },
    {
        "index":206,
       "BusinessType": "Quick-serve Restaurant",
       "PrimaryArea": "Front of House",
       "BusinessSize": "Medium",
       "ProductRecomendation": "Magic Eraser",
        "Size": "RTU",
        "Description": "Spot cleaning of scuffs and marks on hard surfaces"
    },
    {
        "index":207,
       "BusinessType": "Bar",
       "PrimaryArea": "Front of House",
       "BusinessSize": "Medium",
       "ProductRecomendation": "Microban Sanitizing Spray  ",
        "Size": "RTU Aerosol - 15oz",
        "Description": "Clean & sanitize high frequency touch points for 24 hour protection (door handles, push plates, light switches, elevator buttons, etc.)"
    },
    {
        "index":208,
       "BusinessType": "Contract Cleaning",
       "PrimaryArea": "Public Spaces",
       "BusinessSize": "Medium",
       "ProductRecomendation": "Microban Sanitizing Spray  ",
        "Size": "RTU Aerosol - 15oz",
        "Description": "Clean & sanitize high frequency touch points for 24 hour protection (door handles, push plates, light switches, elevator buttons, etc.)"
    },
    {
        "index":209,
       "BusinessType": "Full-service Restaurant",
       "PrimaryArea": "Front of House",
       "BusinessSize": "Medium",
       "ProductRecomendation": "Microban Sanitizing Spray  ",
        "Size": "RTU Aerosol - 15oz",
        "Description": "Clean & sanitize high frequency touch points for 24 hour protection (door handles, push plates, light switches, elevator buttons, etc.)"
    },
    {
        "index":210,
       "BusinessType": "Hair/Beauty Salon",
       "PrimaryArea": "Front of House",
       "BusinessSize": "Medium",
       "ProductRecomendation": "Microban Sanitizing Spray  ",
        "Size": "RTU Aerosol - 15oz",
        "Description": "Clean & sanitize high frequency touch points for 24 hour protection (door handles, push plates, light switches, elevator buttons, etc.)"
    },
    {
        "index":211,
       "BusinessType": "Office",
       "PrimaryArea": "Public Spaces",
       "BusinessSize": "Medium",
       "ProductRecomendation": "Microban Sanitizing Spray  ",
        "Size": "RTU Aerosol - 15oz",
        "Description": "Clean & sanitize high frequency touch points for 24 hour protection (door handles, push plates, light switches, elevator buttons, etc.)"
    },
    {
        "index":212,
       "BusinessType": "Other",
       "PrimaryArea": "Front of House",
       "BusinessSize": "Medium",
       "ProductRecomendation": "Microban Sanitizing Spray  ",
        "Size": "RTU Aerosol - 15oz",
        "Description": "Clean & sanitize high frequency touch points for 24 hour protection (door handles, push plates, light switches, elevator buttons, etc.)"
    },
    {
        "index":213,
       "BusinessType": "Quick-serve Restaurant",
       "PrimaryArea": "Front of House",
       "BusinessSize": "Medium",
       "ProductRecomendation": "Microban Sanitizing Spray  ",
        "Size": "RTU Aerosol - 15oz",
        "Description": "Clean & sanitize high frequency touch points for 24 hour protection (door handles, push plates, light switches, elevator buttons, etc.)"
    },
    {
        "index":214,
       "BusinessType": "Shop",
       "PrimaryArea": "Front of House",
       "BusinessSize": "Medium",
       "ProductRecomendation": "Microban Sanitizing Spray  ",
        "Size": "RTU Aerosol - 15oz",
        "Description": "Clean & sanitize high frequency touch points for 24 hour protection (door handles, push plates, light switches, elevator buttons, etc.)"
    },
    {
        "index":215,
       "BusinessType": "Bar",
       "PrimaryArea": "Front of House",
       "BusinessSize": "Small",
       "ProductRecomendation": "Microban Sanitizing Spray  ",
        "Size": "RTU Aerosol - 15oz",
        "Description": "Clean & sanitize high frequency touch points for 24 hour protection (door handles, push plates, light switches, elevator buttons, etc.)"
    },
    {
        "index":216,
       "BusinessType": "Hotel",
       "PrimaryArea": "Guest Rooms",
       "BusinessSize": "Small",
       "ProductRecomendation": "Febreze Air Effects",
        "Size": "RTU Aerosol - 15oz",
        "Description": "Eliminates odours in the air"
    },
    {
        "index":217,
       "BusinessType": "Hotel",
       "PrimaryArea": "Public Areas",
       "BusinessSize": "Small",
       "ProductRecomendation": "Febreze Air Effects",
        "Size": "RTU Aerosol - 15oz",
        "Description": "Eliminates odours in the air"
    },
    {
        "index":218,
       "BusinessType": "Motel",
       "PrimaryArea": "Guest Rooms",
       "BusinessSize": "Small",
       "ProductRecomendation": "Febreze Air Effects",
        "Size": "RTU Aerosol - 15oz",
        "Description": "Eliminates odours in the air"
    },
    {
        "index":219,
       "BusinessType": "Motel",
       "PrimaryArea": "Public Areas",
       "BusinessSize": "Small",
       "ProductRecomendation": "Febreze Air Effects",
        "Size": "RTU Aerosol - 15oz",
        "Description": "Eliminates odours in the air"
    },
    {
        "index":220,
       "BusinessType": "Guest House",
       "PrimaryArea": "Guest Rooms",
       "BusinessSize": "Small",
       "ProductRecomendation": "Febreze Air Effects",
        "Size": "RTU Aerosol - 15oz",
        "Description": "Eliminates odours in the air"
    },
    {
        "index":221,
       "BusinessType": "Guest House",
       "PrimaryArea": "Public Areas",
       "BusinessSize": "Small",
       "ProductRecomendation": "Febreze Air Effects",
        "Size": "RTU Aerosol - 15oz",
        "Description": "Eliminates odours in the air"
    },
    {
        "index":222,
       "BusinessType": "Contract Cleaning",
       "PrimaryArea": "Public Spaces",
       "BusinessSize": "Small",
       "ProductRecomendation": "Microban Sanitizing Spray  ",
        "Size": "RTU Aerosol - 15oz",
        "Description": "Clean & sanitize high frequency touch points for 24 hour protection (door handles, push plates, light switches, elevator buttons, etc.)"
    },
    {
        "index":223,
       "BusinessType": "Full-service Restaurant",
       "PrimaryArea": "Front of House",
       "BusinessSize": "Small",
       "ProductRecomendation": "Microban Sanitizing Spray  ",
        "Size": "RTU Aerosol - 15oz",
        "Description": "Clean & sanitize high frequency touch points for 24 hour protection (door handles, push plates, light switches, elevator buttons, etc.)"
    },
    {
        "index":224,
       "BusinessType": "Hair/Beauty Salon",
       "PrimaryArea": "Front of House",
       "BusinessSize": "Small",
       "ProductRecomendation": "Microban Sanitizing Spray  ",
        "Size": "RTU Aerosol - 15oz",
        "Description": "Clean & sanitize high frequency touch points for 24 hour protection (door handles, push plates, light switches, elevator buttons, etc.)"
    },
    {
        "index":225,
       "BusinessType": "Hotel",
       "PrimaryArea": "Public Areas",
       "BusinessSize": "Small",
       "ProductRecomendation": "Microban Sanitizing Spray  ",
        "Size": "RTU Aerosol - 15oz",
        "Description": "Clean & sanitize high frequency touch points for 24 hour protection (door handles, push plates, light switches, elevator buttons, etc.)"
    },
    {
        "index":226,
       "BusinessType": "Office",
       "PrimaryArea": "Public Spaces",
       "BusinessSize": "Small",
       "ProductRecomendation": "Microban Sanitizing Spray  ",
        "Size": "RTU Aerosol - 15oz",
        "Description": "Clean & sanitize high frequency touch points for 24 hour protection (door handles, push plates, light switches, elevator buttons, etc.)"
    },
    {
        "index":227,
       "BusinessType": "Other",
       "PrimaryArea": "Front of House",
       "BusinessSize": "Small",
       "ProductRecomendation": "Microban Sanitizing Spray  ",
        "Size": "RTU Aerosol - 15oz",
        "Description": "Clean & sanitize high frequency touch points for 24 hour protection (door handles, push plates, light switches, elevator buttons, etc.)"
    },
    {
        "index":228,
       "BusinessType": "Quick-serve Restaurant",
       "PrimaryArea": "Front of House",
       "BusinessSize": "Small",
       "ProductRecomendation": "Microban Sanitizing Spray  ",
        "Size": "RTU Aerosol - 15oz",
        "Description": "Clean & sanitize high frequency touch points for 24 hour protection (door handles, push plates, light switches, elevator buttons, etc.)"
    },
    {
        "index":229,
       "BusinessType": "Shop",
       "PrimaryArea": "Front of House",
       "BusinessSize": "Small",
       "ProductRecomendation": "Microban Sanitizing Spray  ",
        "Size": "RTU Aerosol - 15oz",
        "Description": "Clean & sanitize high frequency touch points for 24 hour protection (door handles, push plates, light switches, elevator buttons, etc.)"
    },
    {
        "index":230,
        "BusinessType": "Motel",
       "PrimaryArea": "Public Areas",
       "BusinessSize": "Small",
       "ProductRecomendation": "Microban Sanitizing Spray  ",
        "Size": "RTU Aerosol - 15oz",
        "Description": "Clean & sanitize high frequency touch points for 24 hour protection (door handles, push plates, light switches, elevator buttons, etc.)"
    },
    {
        "index":231,
       "BusinessType": "Guest House",
       "PrimaryArea": "Public Areas",
       "BusinessSize": "Small",
       "ProductRecomendation": "Microban Sanitizing Spray  ",
        "Size": "RTU Aerosol - 15oz",
        "Description": "Clean & sanitize high frequency touch points for 24 hour protection (door handles, push plates, light switches, elevator buttons, etc.)"
    },
    {
        "index":232,
       "BusinessType": "Cafe",
       "PrimaryArea": "Front of House",
       "BusinessSize": "Small",
       "ProductRecomendation": "Microban Sanitizing Spray  ",
        "Size": "RTU Aerosol - 15oz",
        "Description": "Clean & sanitize high frequency touch points for 24 hour protection (door handles, push plates, light switches, elevator buttons, etc.)"
    },
    {
        "index":233,
       "BusinessType": "Bar",
       "PrimaryArea": "Kitchen",
       "BusinessSize": "Medium",
       "ProductRecomendation": "Dawn Power Dissolver (restaurant)",
        "Size": "RTU Spray",
        "Description": "Powers through burnt and baked on residues"
    },
    {
        "index":234,
       "BusinessType": "Full-service Restaurant",
       "PrimaryArea": "Kitchen",
       "BusinessSize": "Medium",
       "ProductRecomendation": "Dawn Power Dissolver (restaurant)",
        "Size": "RTU Spray",
        "Description": "Powers through burnt and baked on residues"
    },
    {
        "index":235,
       "BusinessType": "Other",
       "PrimaryArea": "Kitchen",
       "BusinessSize": "Medium",
       "ProductRecomendation": "Dawn Power Dissolver (restaurant)",
        "Size": "RTU Spray",
        "Description": "Powers through burnt and baked on residues"
    },
    {
        "index":236,
       "BusinessType": "Quick-serve Restaurant",
       "PrimaryArea": "Kitchen",
       "BusinessSize": "Medium",
       "ProductRecomendation": "Dawn Power Dissolver (restaurant)",
        "Size": "RTU Spray",
        "Description": "Powers through burnt and baked on residues"
    },
    {
        "index":237,
       "BusinessType": "Bar",
       "PrimaryArea": "Kitchen",
       "BusinessSize": "Small",
       "ProductRecomendation": "Dawn Power Dissolver (restaurant)",
        "Size": "RTU Spray",
        "Description": "Powers through burnt and baked on residues"
    },
    {
        "index":238,
       "BusinessType": "Full-service Restaurant",
       "PrimaryArea": "Kitchen",
       "BusinessSize": "Small",
       "ProductRecomendation": "Dawn Power Dissolver (restaurant)",
        "Size": "RTU Spray",
        "Description": "Powers through burnt and baked on residues"
    },
    {
        "index":239,
       "BusinessType": "Hotel",
       "PrimaryArea": "Kitchen",
       "BusinessSize": "Small",
       "ProductRecomendation": "Dawn Power Dissolver (restaurant)",
        "Size": "RTU Spray",
        "Description": "Powers through burnt and baked on residues"
    },
    {
        "index":240,
       "BusinessType": "Other",
       "PrimaryArea": "Kitchen",
       "BusinessSize": "Small",
       "ProductRecomendation": "Dawn Power Dissolver (restaurant)",
        "Size": "RTU Spray",
        "Description": "Powers through burnt and baked on residues"
    },
    {
        "index":241,
       "BusinessType": "Quick-serve Restaurant",
       "PrimaryArea": "Kitchen",
       "BusinessSize": "Small",
       "ProductRecomendation": "Dawn Power Dissolver (restaurant)",
        "Size": "RTU Spray",
        "Description": "Powers through burnt and baked on residues"
    },
    {
        "index":242,
       "BusinessType": "Guest House",
       "PrimaryArea": "Kitchen",
       "BusinessSize": "Small",
       "ProductRecomendation": "Dawn Power Dissolver (restaurant)",
        "Size": "RTU Spray",
        "Description": "Powers through burnt and baked on residues"
    },
    {
        "index":243,
       "BusinessType": "Hotel",
       "PrimaryArea": "Guest Rooms",
       "BusinessSize": "Small",
       "ProductRecomendation": "Microban Professional Multi-purpose Cleaner",
        "Size": "RTU Spray",
        "Description": "For 24 hour residual sanitising"
    },
    {
        "index":244,
       "BusinessType": "Hotel",
       "PrimaryArea": "Restrooms",
       "BusinessSize": "Small",
       "ProductRecomendation": "Microban Professional Multi-purpose Cleaner",
        "Size": "RTU Spray",
        "Description": "For 24h residual disinfection of high touchpoints, including door handles, push plates, thresholds, hand railngs, stall door locks and fixtures"
    },
    {
        "index":245,
       "BusinessType": "Motel",
       "PrimaryArea": "Guest Rooms",
       "BusinessSize": "Small",
       "ProductRecomendation": "Microban Professional Multi-purpose Cleaner",
        "Size": "RTU Spray",
        "Description": "For 24 hour residual sanitising"
    },
    {
        "index":246,
       "BusinessType": "Motel",
       "PrimaryArea": "Restrooms",
       "BusinessSize": "Small",
       "ProductRecomendation": "Microban Professional Multi-purpose Cleaner",
        "Size": "RTU Spray",
        "Description": "For 24h residual disinfection of high touchpoints, including door handles, push plates, thresholds, hand railngs, stall door locks and fixtures"
    },
    {
        "index":247,
       "BusinessType": "Guest House",
       "PrimaryArea": "Guest Rooms",
       "BusinessSize": "Small",
       "ProductRecomendation": "Microban Professional Multi-purpose Cleaner",
        "Size": "RTU Spray",
        "Description": "For 24 hour residual sanitising"
    },
    {
        "index":248,
       "BusinessType": "Guest House",
       "PrimaryArea": "Restrooms",
       "BusinessSize": "Small",
       "ProductRecomendation": "Microban Professional Multi-purpose Cleaner",
        "Size": "RTU Spray",
        "Description": "For 24h residual disinfection of high touchpoints, including door handles, push plates, thresholds, hand railngs, stall door locks and fixtures"
    },
    {
        "index":249,
       "BusinessType": "Cafe",
       "PrimaryArea": "Kitchen",
       "BusinessSize": "Small",
       "ProductRecomendation": "Dawn Power Dissolver (restaurant)",
        "Size": "RTU Spray",
        "Description": "Powers through burnt and baked on residues"
    },
    {
        "index":250,
       "BusinessType": "Bar",
       "PrimaryArea": "Kitchen",
       "BusinessSize": "Small",
       "ProductRecomendation": "Dawn Multi-Surface HDD (Johnny)",
        "Size": "RTU Spray - 32oz",
        "Description": "Tough grease cleaning from surfaces to oven, grill and fryer"
    },
    {
        "index":251,
       "BusinessType": "Full-service Restaurant",
       "PrimaryArea": "Kitchen",
       "BusinessSize": "Small",
       "ProductRecomendation": "Dawn Multi-Surface HDD (Johnny)",
        "Size": "RTU Spray - 32oz",
        "Description": "Tough grease cleaning from surfaces to oven, grill and fryer"
    },
    {
        "index":252,
       "BusinessType": "Hotel",
       "PrimaryArea": "Kitchen",
       "BusinessSize": "Small",
       "ProductRecomendation": "Dawn Multi-Surface HDD (Johnny)",
        "Size": "RTU Spray - 32oz",
        "Description": "Tough grease cleaning from surfaces to oven, grill and fryer"
    },
    {
        "index":253,
       "BusinessType": "Other",
       "PrimaryArea": "Kitchen",
       "BusinessSize": "Small",
       "ProductRecomendation": "Dawn Multi-Surface HDD (Johnny)",
        "Size": "RTU Spray - 32oz",
        "Description": "Tough grease cleaning from surfaces to oven, grill and fryer"
    },
    {
        "index":254,
       "BusinessType": "Quick-serve Restaurant",
       "PrimaryArea": "Kitchen",
       "BusinessSize": "Small",
       "ProductRecomendation": "Dawn Multi-Surface HDD (Johnny)",
        "Size": "RTU Spray - 32oz",
        "Description": "Tough grease cleaning from surfaces to oven, grill and fryer"
    },
    {
        "index":255,
       "BusinessType": "Guest House",
       "PrimaryArea": "Kitchen",
       "BusinessSize": "Small",
       "ProductRecomendation": "Dawn Multi-Surface HDD (Johnny)",
        "Size": "RTU Spray - 32oz",
        "Description": "Tough grease cleaning from surfaces to oven, grill and fryer"
    },
    {
        "index":256,
       "BusinessType": "Cafe",
       "PrimaryArea": "Kitchen",
       "BusinessSize": "Small",
       "ProductRecomendation": "Dawn Multi-Surface HDD (Johnny)",
        "Size": "RTU Spray - 32oz",
        "Description": "Tough grease cleaning from surfaces to oven, grill and fryer"
    }
]