[
    {
        "index": 0,
        "BusinessType": "Bar",
        "BusinessSize":["Small", "Medium"],
        "PrimaryArea" :["Front of House", "Kitchen", "Restrooms"]
    },
    {
        "index" : 1,
        "BusinessType": "Cafe",
        "BusinessSize":["Small"],
        "PrimaryArea" :["Front of House", "Kitchen", "Restrooms"]
    },
    {
        "index" : 2,
        "BusinessType": "Contract Cleaning",
        "BusinessSize":["Small", "Medium"],
        "PrimaryArea" :["Public Spaces", "Kitchenette", "Restrooms"]
    },
    {
        "index" : 3,
        "BusinessType": "Full-service Restaurant",
        "BusinessSize":["Small", "Medium"],
        "PrimaryArea" :["Front of House", "Kitchen", "Restrooms"]
    },
    {
        "index" : 4,
        "BusinessType": "Guest House",
        "BusinessSize":["Small"],
        "PrimaryArea" :["Guest Rooms", "Outdoor Areas", "Public Areas", "Kitchen", "Restrooms"]
    },
    {
        "index" : 5,
        "BusinessType": "Hair/Beauty Salon",
        "BusinessSize":["Small", "Medium"],
        "PrimaryArea" :["Front of House", "Kitchen", "Restrooms"]
    },
    {
        "index" : 6,
        "BusinessType": "Office",
        "BusinessSize":["Small", "Medium"],
        "PrimaryArea" :["Front of House", "Kitchen", "Restrooms"]
    },
    {
        "index":7,
        "BusinessType": "Other",
        "BusinessSize":["Small", "Medium"],
        "PrimaryArea" :["Front of House", "Kitchen", "Kitchenette", "Restrooms"]
    },
    {
        "index" : 8,
        "BusinessType": "Quick-serve Restaurant",
        "BusinessSize":["Small", "Medium"],
        "PrimaryArea" :["Front of House", "Kitchen", "Outdoor Areas", "Restrooms"]
    },
    {
        "index" :9,
        "BusinessType": "Shop",
        "BusinessSize":["Small", "Medium"],
        "PrimaryArea" :["Front of House", "Kitchenette", "Restrooms"]
    },
    {
        "index" :10,
        "BusinessType": "Hotel",
        "BusinessSize":["Small"],
        "PrimaryArea" :["Guest Rooms","Guest Rooms Kitchenette","Public Areas","Kitchen", "Outdoor Areas", "Restrooms"]
    },
    {
        "index" :11,
        "BusinessType": "Motel",
        "BusinessSize":["Small"],
        "PrimaryArea" :["Guest Rooms","Guest Rooms Kitchenette","Public Areas","Outdoor Areas", "Restrooms"]
    }
]