[
    {
        "keyTension": "Sticky Tables and Chairs",
        "heroProduct": "Spin & Span",
        "Rtb": "3 products in one (Disinfectant, All-purpose cleaner, Glass cleaner); cleans & disinfects in one step; 50% fewer strokes to clean* * vs. other leading brands; EPA registered hospital grade disinfectant against bacteria, viruses and fungi.  EPA approved on List N for use against SARS-CoV-2."
    },
    {
        "keyTension": "Protecting against COVID19",
        "heroProduct": "Microban Sanitizing Spray",
        "Rtb": "The US Environmental Protection Agency (EPA) has approved Mircoban24 Sanitizing Spray as effective at killing SARS-CoV-2, the virus that causes COVID19.  Not only this, Microban24 hour spray also provides 24h protection against bacteria, even after multiple touches!"
    },
    {
        "keyTension": "Carpet stains",
        "heroProduct": "PGPL Carpet Spot Removers",
        "Rtb": "Even with regular cleaning, sometimes theres carpet stains that just won't come up.  PGPL Carpet Spotter is designed for spot cleaning and is effective against a broad range of stubbourn stains, including tannins, bio-stains and grease."
    },
    {
        "keyTension": "Disinfection of restroom floors",
        "heroProduct": "PGPL Disinfecting Floor and Surface II",
        "Rtb": "Restrooms can be particularly high-traffic areas.  You want to make sure any guest using them remains protected.  PGPL Disinfecting Floor and Surface II is an efficient option for disinfection of large areas such as restroom floors."
    },
    {
        "keyTension": "Ongoing bacterial protection in bathrooms",
        "heroProduct": "Microban Professional Bathroom Cleaner",
        "Rtb": "Want to continute to protect your guests even in between cleans?  The Microban Professional Range offers 24h residual protection against bacteria.  Use the bathroom spray for all wet areas such as toilets, urials and sinks and the multipurpose spray for dry areas such as door handles, switches and push panels."
    },
    {
        "keyTension": "Ongoing bacterial protection across surfaces",
        "heroProduct": "Microban Professional Multipurpose Cleaner",
        "Rtb": "Want to continute to protect your guests even in between cleans?  The Microban Professional Range offers 24h residual protection against bacteria.  Use the bathroom spray for all wet areas such as toilets, urials and sinks and the multipurpose spray for dry areas such as door handles, switches and push panels."
    },
    {
        "keyTension": "Tough burnt and baked on residue on utensils",
        "heroProduct": "Dawn Manual Pot and Pan",
        "Rtb": "With 4x the grease cutting power* use Dawn Manual Pot and Pan to pre-soak heavily soiled items"
    },
    {
        "keyTension": "Tacky and hard grease on range hoods, fryers and ovens",
        "heroProduct": "Dawn Multi Surface HDD",
        "Rtb": "Designed to work on toughest grease and soils that have built up and polymerized on surfaces & equipment; Cuts tough grease 2X faster and cleans your commercial kitchen with 50% less scrubbing"
    },
    {
        "keyTension": "Hard water mineral stains",
        "heroProduct": "Comet Disinfecting-Sanitizing Bathroom Cleaner",
        "Rtb": "Cleans & disinfects/sanitizes in one step removing bathroom soils including greasy soap scum and hard water minerals on sinks, toilets, showers, tubs ; 50% fewer strokes to clean*"
    },
    {
        "keyTension": "Greasy, slippery floors in kitchen",
        "heroProduct": "Dawn Heavy Duty Floor Cleaner",
        "Rtb": "Removes a wide range of soils from polymerized grease to tracked in soils;  No rinse formula; UL certified for slip resistance; Removes tough greasy soils up to 2X better vs. the leading bioenzymatic & traditional floor cleaners"
    },
    {
        "keyTension": "Disinfection of high-frequency touchpoints",
        "heroProduct": "Microban Sanitizing Spray, Microban Bathroom Spray and Microban Multisurface Spray",
        "Rtb": "The Microban24 hour range provides 24h protection against bacteria, even after multiple touches!  Not only this, the US Environmental Protection Agency (EPA) has approved Mircoban24 Sanitizing Spray as effective at killing SARS-CoV-2, the virus that causes COVID19."
    },
    {
        "keyTension": "Dusting hard to reach areas",
        "heroProduct": "Swiffer Dusters",
        "Rtb": "The Swiffer Dusters range makes cleaning those hard to reach places a breeze.  The extending pole means you can reach room corners, tops of door frames and vents without issue."
    },
    {
        "keyTension": "Wall scuffs and marks",
        "heroProduct": "Mr Clean Magic Eraser",
        "Rtb": "Provides powerful multi-purpose cleaning with water alone; Water-activated micro-scrubbers reach into the surface grooves, lifting away built up grease and soap scum; Each swipe removes more grime than the leading all-purpose spray cleaner and it has no harsh chemicals"
    }
]